-- phpMyAdmin SQL Dump
-- version 4.8.5
-- https://www.phpmyadmin.net/
--
-- Hôte : 127.0.0.1:3306
-- Généré le :  jeu. 20 fév. 2020 à 22:12
-- Version du serveur :  5.7.26-log
-- Version de PHP :  7.2.18

SET SQL_MODE = "NO_AUTO_VALUE_ON_ZERO";
SET AUTOCOMMIT = 0;
START TRANSACTION;
SET time_zone = "+00:00";


/*!40101 SET @OLD_CHARACTER_SET_CLIENT=@@CHARACTER_SET_CLIENT */;
/*!40101 SET @OLD_CHARACTER_SET_RESULTS=@@CHARACTER_SET_RESULTS */;
/*!40101 SET @OLD_COLLATION_CONNECTION=@@COLLATION_CONNECTION */;
/*!40101 SET NAMES utf8mb4 */;

--
-- Base de données :  `ecom`
--

-- --------------------------------------------------------

--
-- Structure de la table `adresses`
--

DROP TABLE IF EXISTS `adresses`;
CREATE TABLE IF NOT EXISTS `adresses` (
  `adressID` int(11) NOT NULL AUTO_INCREMENT,
  `label` varchar(50) NOT NULL,
  `zipcode` varchar(5) NOT NULL,
  `city` varchar(50) NOT NULL,
  `supplierID` int(11) DEFAULT NULL,
  `charcode` char(2) NOT NULL,
  `userID` int(11) DEFAULT NULL,
  PRIMARY KEY (`adressID`),
  KEY `supplierID` (`supplierID`),
  KEY `charcode` (`charcode`),
  KEY `userID` (`userID`)
) ENGINE=MyISAM AUTO_INCREMENT=1045 DEFAULT CHARSET=latin1;

--
-- Déchargement des données de la table `adresses`
--

INSERT INTO `adresses` (`adressID`, `label`, `zipcode`, `city`, `supplierID`, `charcode`, `userID`) VALUES
(410, 'P.O. Box 865, 7605 Dui Avenue', '96480', 'Sunset Point', NULL, 'UK', 1),
(411, '236-9420 Lectus Ave', '64692', 'Veracruz', NULL, 'UK', 1),
(412, 'P.O. Box 570, 957 Mollis St.', '13729', 'Calle Blancos', NULL, 'UK', 2),
(413, '2670 Aliquam, Road', '33962', 'Mornimont', NULL, 'UK', 1),
(414, 'P.O. Box 169, 1554 Curabitur Road', '41060', 'Heule', NULL, 'UK', 2),
(415, 'P.O. Box 159, 4840 Ullamcorper, St.', '05490', 'Cervino', NULL, 'UK', 2),
(416, 'Ap #926-2785 Enim Street', '14806', 'Sylvan Lake', NULL, 'UK', 5),
(417, 'P.O. Box 374, 9891 Vel Av.', '50444', 'Arles', NULL, 'UK', 5),
(418, 'Ap #559-3382 Orci. St.', '42336', 'Motala', NULL, 'UK', 1),
(419, 'Ap #390-7493 Donec Avenue', '58610', 'Novosibirsk', NULL, 'UK', 3),
(420, '802-328 Ornare. Avenue', '33696', 'Sherbrooke', NULL, 'FR', 4),
(421, '640-5957 Ut Rd.', '43055', 'Kempten', NULL, 'FR', 3),
(422, 'P.O. Box 679, 4100 Erat Avenue', '18873', 'Codegua', NULL, 'FR', 5),
(423, 'Ap #905-8647 Conubia St.', '78450', 'Erembodegem', NULL, 'FR', 1),
(424, '680-4320 Risus. St.', '07860', 'Marilles', NULL, 'FR', 4),
(425, 'Ap #743-899 Nibh Avenue', '75521', 'Kerikeri', NULL, 'FR', 4),
(426, '213-6022 Sit St.', '75711', 'Lasbela', NULL, 'FR', 5),
(427, 'P.O. Box 761, 9469 Scelerisque Road', '12439', 'Cervinara', NULL, 'FR', 5),
(428, '526 Ante. Rd.', '47629', 'Drayton Valley', NULL, 'FR', 4),
(429, '998-1671 Vitae Rd.', '32731', 'Lidingo', NULL, 'FR', 4),
(430, '691-8536 Consequat Ave', '46071', 'Dufftown', NULL, 'US', 4),
(431, 'Ap #829-2455 Fusce Rd.', '23869', 'Parla', NULL, 'US', 3),
(432, '743-7385 Dolor Street', '59545', 'Dieppe', NULL, 'US', 1),
(433, 'Ap #157-2161 Et Ave', '05479', 'Guarulhos', NULL, 'US', 1),
(434, '492-2369 Viverra. Ave', '66668', 'Santo Stefano Quisquina', NULL, 'US', 1),
(435, '2408 Augue, St.', '43319', 'Newquay', NULL, 'US', 5),
(436, '1928 Suspendisse Avenue', '22497', 'Dortmund', NULL, 'US', 2),
(437, '711-7057 Nonummy St.', '32033', 'Nyandoma', NULL, 'US', 4),
(438, '6261 Magnis Ave', '55711', 'Chattanooga', NULL, 'US', 1),
(439, '8710 Sociis St.', '64512', 'Campofelice di Fitalia', NULL, 'US', 1),
(440, '561-3319 Ornare Road', '02441', 'Dordrecht', NULL, 'UK', 3),
(441, 'P.O. Box 713, 2434 Ipsum Ave', '35350', 'Thon', NULL, 'UK', 2),
(442, '8154 Cras Rd.', '22339', 'Scarborough', NULL, 'UK', 2),
(443, 'Ap #219-6514 Eu Rd.', '68782', 'Neiva', NULL, 'UK', 3),
(444, '122-3461 Eget Rd.', '16793', 'Alvito', NULL, 'UK', 1),
(445, '6168 Lacus. Road', '45776', 'Kitscoty', NULL, 'UK', 1),
(446, '151-6208 Phasellus Av.', '89896', 'Orai', NULL, 'UK', 3),
(447, 'Ap #215-9718 Sem, Rd.', '96147', 'Panchià', NULL, 'UK', 3),
(448, 'Ap #365-3241 Nunc Avenue', '88856', 'Plato', NULL, 'UK', 3),
(469, 'P.O. Box 865, 7605 Dui Avenue', '96480', 'Sunset Point', NULL, 'UK', 1),
(470, '236-9420 Lectus Ave', '64692', 'Veracruz', NULL, 'UK', 1),
(471, 'P.O. Box 570, 957 Mollis St.', '13729', 'Calle Blancos', NULL, 'UK', 2),
(472, '2670 Aliquam, Road', '33962', 'Mornimont', NULL, 'UK', 1),
(473, 'P.O. Box 169, 1554 Curabitur Road', '41060', 'Heule', NULL, 'UK', 2),
(474, 'P.O. Box 159, 4840 Ullamcorper, St.', '05490', 'Cervino', NULL, 'UK', 2),
(475, 'Ap #926-2785 Enim Street', '14806', 'Sylvan Lake', NULL, 'UK', 5),
(476, 'P.O. Box 374, 9891 Vel Av.', '50444', 'Arles', NULL, 'UK', 5),
(477, 'Ap #559-3382 Orci. St.', '42336', 'Motala', NULL, 'UK', 1),
(478, 'Ap #390-7493 Donec Avenue', '58610', 'Novosibirsk', NULL, 'UK', 3),
(479, '802-328 Ornare. Avenue', '33696', 'Sherbrooke', NULL, 'FR', 4),
(480, '640-5957 Ut Rd.', '43055', 'Kempten', NULL, 'FR', 3),
(481, 'P.O. Box 679, 4100 Erat Avenue', '18873', 'Codegua', NULL, 'FR', 5),
(482, 'Ap #905-8647 Conubia St.', '78450', 'Erembodegem', NULL, 'FR', 1),
(483, '680-4320 Risus. St.', '07860', 'Marilles', NULL, 'FR', 4),
(484, 'Ap #743-899 Nibh Avenue', '75521', 'Kerikeri', NULL, 'FR', 4),
(485, '213-6022 Sit St.', '75711', 'Lasbela', NULL, 'FR', 5),
(486, 'P.O. Box 761, 9469 Scelerisque Road', '12439', 'Cervinara', NULL, 'FR', 5),
(487, '526 Ante. Rd.', '47629', 'Drayton Valley', NULL, 'FR', 4),
(488, '998-1671 Vitae Rd.', '32731', 'Lidingo', NULL, 'FR', 4),
(489, '691-8536 Consequat Ave', '46071', 'Dufftown', NULL, 'US', 4),
(490, 'Ap #829-2455 Fusce Rd.', '23869', 'Parla', NULL, 'US', 3),
(491, '743-7385 Dolor Street', '59545', 'Dieppe', NULL, 'US', 1),
(492, 'Ap #157-2161 Et Ave', '05479', 'Guarulhos', NULL, 'US', 1),
(493, '492-2369 Viverra. Ave', '66668', 'Santo Stefano Quisquina', NULL, 'US', 1),
(494, '2408 Augue, St.', '43319', 'Newquay', NULL, 'US', 5),
(495, '1928 Suspendisse Avenue', '22497', 'Dortmund', NULL, 'US', 2),
(496, '711-7057 Nonummy St.', '32033', 'Nyandoma', NULL, 'US', 4),
(497, '6261 Magnis Ave', '55711', 'Chattanooga', NULL, 'US', 1),
(498, '8710 Sociis St.', '64512', 'Campofelice di Fitalia', NULL, 'US', 1),
(499, '561-3319 Ornare Road', '02441', 'Dordrecht', NULL, 'UK', 3),
(500, 'P.O. Box 713, 2434 Ipsum Ave', '35350', 'Thon', NULL, 'UK', 2),
(501, '8154 Cras Rd.', '22339', 'Scarborough', NULL, 'UK', 2),
(502, 'Ap #219-6514 Eu Rd.', '68782', 'Neiva', NULL, 'UK', 3),
(503, '122-3461 Eget Rd.', '16793', 'Alvito', NULL, 'UK', 1),
(504, '6168 Lacus. Road', '45776', 'Kitscoty', NULL, 'UK', 1),
(505, '151-6208 Phasellus Av.', '89896', 'Orai', NULL, 'UK', 3),
(506, 'Ap #215-9718 Sem, Rd.', '96147', 'Panchià', NULL, 'UK', 3),
(507, 'Ap #365-3241 Nunc Avenue', '88856', 'Plato', NULL, 'UK', 3),
(528, 'P.O. Box 865, 7605 Dui Avenue', '96480', 'Sunset Point', NULL, 'UK', 1),
(529, '236-9420 Lectus Ave', '64692', 'Veracruz', NULL, 'UK', 1),
(530, 'P.O. Box 570, 957 Mollis St.', '13729', 'Calle Blancos', NULL, 'UK', 2),
(531, '2670 Aliquam, Road', '33962', 'Mornimont', NULL, 'UK', 1),
(532, 'P.O. Box 169, 1554 Curabitur Road', '41060', 'Heule', NULL, 'UK', 2),
(533, 'P.O. Box 159, 4840 Ullamcorper, St.', '05490', 'Cervino', NULL, 'UK', 2),
(534, 'Ap #926-2785 Enim Street', '14806', 'Sylvan Lake', NULL, 'UK', 5),
(535, 'P.O. Box 374, 9891 Vel Av.', '50444', 'Arles', NULL, 'UK', 5),
(536, 'Ap #559-3382 Orci. St.', '42336', 'Motala', NULL, 'UK', 1),
(537, 'Ap #390-7493 Donec Avenue', '58610', 'Novosibirsk', NULL, 'UK', 3),
(538, '802-328 Ornare. Avenue', '33696', 'Sherbrooke', NULL, 'FR', 4),
(539, '640-5957 Ut Rd.', '43055', 'Kempten', NULL, 'FR', 3),
(540, 'P.O. Box 679, 4100 Erat Avenue', '18873', 'Codegua', NULL, 'FR', 5),
(541, 'Ap #905-8647 Conubia St.', '78450', 'Erembodegem', NULL, 'FR', 1),
(542, '680-4320 Risus. St.', '07860', 'Marilles', NULL, 'FR', 4),
(543, 'Ap #743-899 Nibh Avenue', '75521', 'Kerikeri', NULL, 'FR', 4),
(544, '213-6022 Sit St.', '75711', 'Lasbela', NULL, 'FR', 5),
(545, 'P.O. Box 761, 9469 Scelerisque Road', '12439', 'Cervinara', NULL, 'FR', 5),
(546, '526 Ante. Rd.', '47629', 'Drayton Valley', NULL, 'FR', 4),
(547, '998-1671 Vitae Rd.', '32731', 'Lidingo', NULL, 'FR', 4),
(548, '691-8536 Consequat Ave', '46071', 'Dufftown', NULL, 'US', 4),
(549, 'Ap #829-2455 Fusce Rd.', '23869', 'Parla', NULL, 'US', 3),
(550, '743-7385 Dolor Street', '59545', 'Dieppe', NULL, 'US', 1),
(551, 'Ap #157-2161 Et Ave', '05479', 'Guarulhos', NULL, 'US', 1),
(552, '492-2369 Viverra. Ave', '66668', 'Santo Stefano Quisquina', NULL, 'US', 1),
(553, '2408 Augue, St.', '43319', 'Newquay', NULL, 'US', 5),
(554, '1928 Suspendisse Avenue', '22497', 'Dortmund', NULL, 'US', 2),
(555, '711-7057 Nonummy St.', '32033', 'Nyandoma', NULL, 'US', 4),
(556, '6261 Magnis Ave', '55711', 'Chattanooga', NULL, 'US', 1),
(557, '8710 Sociis St.', '64512', 'Campofelice di Fitalia', NULL, 'US', 1),
(558, '561-3319 Ornare Road', '02441', 'Dordrecht', NULL, 'UK', 3),
(559, 'P.O. Box 713, 2434 Ipsum Ave', '35350', 'Thon', NULL, 'UK', 2),
(560, '8154 Cras Rd.', '22339', 'Scarborough', NULL, 'UK', 2),
(561, 'Ap #219-6514 Eu Rd.', '68782', 'Neiva', NULL, 'UK', 3),
(562, '122-3461 Eget Rd.', '16793', 'Alvito', NULL, 'UK', 1),
(563, '6168 Lacus. Road', '45776', 'Kitscoty', NULL, 'UK', 1),
(564, '151-6208 Phasellus Av.', '89896', 'Orai', NULL, 'UK', 3),
(565, 'Ap #215-9718 Sem, Rd.', '96147', 'Panchià', NULL, 'UK', 3),
(566, 'Ap #365-3241 Nunc Avenue', '88856', 'Plato', NULL, 'UK', 3),
(567, '397-5360 Aliquet Street', '55993', 'Plock', NULL, 'UK', 5),
(568, '1114 Arcu. Ave', '76091', 'Palmiano', NULL, 'FR', 5),
(569, '3534 Dolor Avenue', '73295', 'Loverval', NULL, 'FR', 5),
(570, '726-4081 Eu, Avenue', '20343', 'Ulyanovsk', NULL, 'FR', 3),
(571, '5570 Vitae Rd.', '50231', 'Concón', NULL, 'FR', 5),
(572, '128 Quis St.', '55724', 'Pont-Saint-Martin', NULL, 'FR', 2),
(573, 'P.O. Box 581, 5099 Arcu. Rd.', '70769', 'Kukatpalle', NULL, 'FR', 2),
(574, 'P.O. Box 401, 1851 Risus. Street', '56993', 'Siddi', NULL, 'FR', 3),
(575, 'Ap #514-3127 Ullamcorper. Rd.', '84822', 'Faridabad', NULL, 'FR', 3),
(576, 'P.O. Box 441, 8411 Natoque Avenue', '11871', 'Cerreto di Spoleto', NULL, 'FR', 1),
(577, 'P.O. Box 168, 1083 Proin Street', '08009', 'Purnea', NULL, 'FR', 5),
(578, 'Ap #446-2095 Aenean St.', '50180', 'Vihari', NULL, 'US', 3),
(579, '6869 Lobortis Street', '47960', 'College', NULL, 'US', 5),
(580, 'P.O. Box 226, 833 Malesuada Av.', '66181', 'Merseburg', NULL, 'US', 5),
(581, 'P.O. Box 223, 8457 Enim St.', '98748', 'Chía', NULL, 'US', 5),
(582, '757-4940 Commodo Av.', '88662', 'Roermond', NULL, 'US', 3),
(583, '745-4319 Quis, Road', '09218', 'Soria', NULL, 'US', 4),
(584, 'P.O. Box 496, 4377 Aliquet, Road', '82912', 'Mignanego', NULL, 'US', 2),
(585, 'P.O. Box 844, 3901 Mauris Av.', '52933', 'Waitara', NULL, 'US', 2),
(586, 'P.O. Box 941, 515 Vitae, Rd.', '89272', 'Galbiate', NULL, 'US', 2),
(587, '342-9236 Orci. St.', '81229', 'Chastre-Villeroux-Blanmont', NULL, 'US', 5),
(588, 'P.O. Box 452, 297 Mauris, Av.', '52666', 'Pelluhue', NULL, 'UK', 5),
(609, 'P.O. Box 865, 7605 Dui Avenue', '96480', 'Sunset Point', NULL, 'UK', 1),
(610, '236-9420 Lectus Ave', '64692', 'Veracruz', NULL, 'UK', 1),
(611, 'P.O. Box 570, 957 Mollis St.', '13729', 'Calle Blancos', NULL, 'UK', 2),
(612, '2670 Aliquam, Road', '33962', 'Mornimont', NULL, 'UK', 1),
(613, 'P.O. Box 169, 1554 Curabitur Road', '41060', 'Heule', NULL, 'UK', 2),
(614, 'P.O. Box 159, 4840 Ullamcorper, St.', '05490', 'Cervino', NULL, 'UK', 2),
(615, 'Ap #926-2785 Enim Street', '14806', 'Sylvan Lake', NULL, 'UK', 5),
(616, 'P.O. Box 374, 9891 Vel Av.', '50444', 'Arles', NULL, 'UK', 5),
(617, 'Ap #559-3382 Orci. St.', '42336', 'Motala', NULL, 'UK', 1),
(618, 'Ap #390-7493 Donec Avenue', '58610', 'Novosibirsk', NULL, 'UK', 3),
(619, '802-328 Ornare. Avenue', '33696', 'Sherbrooke', NULL, 'FR', 4),
(620, '640-5957 Ut Rd.', '43055', 'Kempten', NULL, 'FR', 3),
(621, 'P.O. Box 679, 4100 Erat Avenue', '18873', 'Codegua', NULL, 'FR', 5),
(622, 'Ap #905-8647 Conubia St.', '78450', 'Erembodegem', NULL, 'FR', 1),
(623, '680-4320 Risus. St.', '07860', 'Marilles', NULL, 'FR', 4),
(624, 'Ap #743-899 Nibh Avenue', '75521', 'Kerikeri', NULL, 'FR', 4),
(625, '213-6022 Sit St.', '75711', 'Lasbela', NULL, 'FR', 5),
(626, 'P.O. Box 761, 9469 Scelerisque Road', '12439', 'Cervinara', NULL, 'FR', 5),
(627, '526 Ante. Rd.', '47629', 'Drayton Valley', NULL, 'FR', 4),
(628, '998-1671 Vitae Rd.', '32731', 'Lidingo', NULL, 'FR', 4),
(629, '691-8536 Consequat Ave', '46071', 'Dufftown', NULL, 'US', 4),
(630, 'Ap #829-2455 Fusce Rd.', '23869', 'Parla', NULL, 'US', 3),
(631, '743-7385 Dolor Street', '59545', 'Dieppe', NULL, 'US', 1),
(632, 'Ap #157-2161 Et Ave', '05479', 'Guarulhos', NULL, 'US', 1),
(633, '492-2369 Viverra. Ave', '66668', 'Santo Stefano Quisquina', NULL, 'US', 1),
(634, '2408 Augue, St.', '43319', 'Newquay', NULL, 'US', 5),
(635, '1928 Suspendisse Avenue', '22497', 'Dortmund', NULL, 'US', 2),
(636, '711-7057 Nonummy St.', '32033', 'Nyandoma', NULL, 'US', 4),
(637, '6261 Magnis Ave', '55711', 'Chattanooga', NULL, 'US', 1),
(638, '8710 Sociis St.', '64512', 'Campofelice di Fitalia', NULL, 'US', 1),
(639, '561-3319 Ornare Road', '02441', 'Dordrecht', NULL, 'UK', 3),
(640, 'P.O. Box 713, 2434 Ipsum Ave', '35350', 'Thon', NULL, 'UK', 2),
(641, '8154 Cras Rd.', '22339', 'Scarborough', NULL, 'UK', 2),
(642, 'Ap #219-6514 Eu Rd.', '68782', 'Neiva', NULL, 'UK', 3),
(643, '122-3461 Eget Rd.', '16793', 'Alvito', NULL, 'UK', 1),
(644, '6168 Lacus. Road', '45776', 'Kitscoty', NULL, 'UK', 1),
(645, '151-6208 Phasellus Av.', '89896', 'Orai', NULL, 'UK', 3),
(646, 'Ap #215-9718 Sem, Rd.', '96147', 'Panchià', NULL, 'UK', 3),
(647, 'Ap #365-3241 Nunc Avenue', '88856', 'Plato', NULL, 'UK', 3),
(648, '397-5360 Aliquet Street', '55993', 'Plock', NULL, 'UK', 5),
(649, '1114 Arcu. Ave', '76091', 'Palmiano', NULL, 'FR', 5),
(650, '3534 Dolor Avenue', '73295', 'Loverval', NULL, 'FR', 5),
(651, '726-4081 Eu, Avenue', '20343', 'Ulyanovsk', NULL, 'FR', 3),
(652, '5570 Vitae Rd.', '50231', 'Concón', NULL, 'FR', 5),
(653, '128 Quis St.', '55724', 'Pont-Saint-Martin', NULL, 'FR', 2),
(654, 'P.O. Box 581, 5099 Arcu. Rd.', '70769', 'Kukatpalle', NULL, 'FR', 2),
(655, 'P.O. Box 401, 1851 Risus. Street', '56993', 'Siddi', NULL, 'FR', 3),
(656, 'Ap #514-3127 Ullamcorper. Rd.', '84822', 'Faridabad', NULL, 'FR', 3),
(657, 'P.O. Box 441, 8411 Natoque Avenue', '11871', 'Cerreto di Spoleto', NULL, 'FR', 1),
(658, 'P.O. Box 168, 1083 Proin Street', '08009', 'Purnea', NULL, 'FR', 5),
(659, 'Ap #446-2095 Aenean St.', '50180', 'Vihari', NULL, 'US', 3),
(660, '6869 Lobortis Street', '47960', 'College', NULL, 'US', 5),
(661, 'P.O. Box 226, 833 Malesuada Av.', '66181', 'Merseburg', NULL, 'US', 5),
(662, 'P.O. Box 223, 8457 Enim St.', '98748', 'Chía', NULL, 'US', 5),
(663, '757-4940 Commodo Av.', '88662', 'Roermond', NULL, 'US', 3),
(664, '745-4319 Quis, Road', '09218', 'Soria', NULL, 'US', 4),
(665, 'P.O. Box 496, 4377 Aliquet, Road', '82912', 'Mignanego', NULL, 'US', 2),
(666, 'P.O. Box 844, 3901 Mauris Av.', '52933', 'Waitara', NULL, 'US', 2),
(667, 'P.O. Box 941, 515 Vitae, Rd.', '89272', 'Galbiate', NULL, 'US', 2),
(668, '342-9236 Orci. St.', '81229', 'Chastre-Villeroux-Blanmont', NULL, 'US', 5),
(669, 'P.O. Box 452, 297 Mauris, Av.', '52666', 'Pelluhue', NULL, 'UK', 5),
(670, '923-4390 Quis St.', '79214', 'Afsin', NULL, 'UK', 3),
(671, 'P.O. Box 140, 536 Cursus Road', '48596', 'Lansing', NULL, 'UK', 5),
(672, 'Ap #615-191 Enim Ave', '57042', 'Tocopilla', NULL, 'UK', 3),
(673, 'Ap #454-9154 Consectetuer Street', '58270', 'Quillón', NULL, 'UK', 4),
(674, '7639 Metus St.', '20067', 'Westmount', NULL, 'UK', 1),
(675, '853-7806 Eu Avenue', '38935', 'Sarreguemines', NULL, 'UK', 4),
(676, 'P.O. Box 129, 8434 Nunc Av.', '72911', 'Tanjungbalai', NULL, 'UK', 4),
(677, '1128 Elit. Ave', '33382', 'Jolanda di Savoia', NULL, 'UK', 4),
(678, '722-6408 Habitant Rd.', '45221', 'Yongin', NULL, 'UK', 2),
(679, 'Ap #816-4013 Fames Street', '24853', 'Tramatza', NULL, 'FR', 1),
(680, 'P.O. Box 198, 5145 Sem Av.', '20501', 'Novosibirsk', NULL, 'FR', 3),
(681, 'P.O. Box 905, 5497 Augue Rd.', '84475', 'Spruce Grove', NULL, 'FR', 1),
(682, '7309 A Avenue', '10985', 'Mansfield-et-Pontefract', NULL, 'FR', 3),
(683, '113 Mauris Street', '65513', 'Antártica', NULL, 'FR', 3),
(684, '4742 Eget Street', '07974', 'Koninksem', NULL, 'FR', 3),
(685, 'P.O. Box 165, 8649 Nam Av.', '60084', 'Lacombe County', NULL, 'FR', 5),
(686, '814-9842 Enim. Rd.', '98094', 'Soria', NULL, 'FR', 1),
(687, '260-6009 Cras Street', '59234', 'Sossano', NULL, 'FR', 4),
(688, 'Ap #259-2662 Tempus Rd.', '73006', 'Varna/Vahrn', NULL, 'FR', 3),
(689, '477-430 Mauris Road', '58644', 'San Pietro al Tanagro', NULL, 'FR', 2),
(690, '641-387 Egestas Rd.', '48976', 'Knittelfeld', NULL, 'FR', 3),
(691, 'Ap #503-7345 Vulputate Street', '90730', 'Bassano in Teverina', NULL, 'FR', 4),
(692, '5688 Mauris Ave', '47228', 'Coelemu', NULL, 'FR', 1),
(693, '7181 Fusce Av.', '35679', 'Miami', NULL, 'FR', 1),
(694, '3890 Iaculis Ave', '64797', 'Yellowknife', NULL, 'FR', 2),
(695, '9878 Quisque Road', '50801', 'Coalhurst', NULL, 'FR', 4),
(696, 'Ap #137-5661 Ornare Av.', '70030', 'Evansville', NULL, 'FR', 5),
(697, 'P.O. Box 237, 9239 Ipsum Rd.', '64401', 'Cappelle sul Tavo', NULL, 'FR', 1),
(698, 'Ap #994-1297 Ut Avenue', '13557', 'Torrevieja', NULL, 'FR', 1),
(699, '636-6043 Cursus St.', '55335', 'Armstrong', NULL, 'US', 3),
(700, '953-7126 Non Av.', '78737', 'Panipat', NULL, 'US', 3),
(701, '5679 Maecenas St.', '53217', 'Whitchurch-Stouffville', NULL, 'US', 4),
(702, '978-8604 Fringilla Street', '80233', 'Kuringen', NULL, 'US', 4),
(703, '958-4523 Sollicitudin St.', '96987', 'Reading', NULL, 'US', 3),
(704, '269-6443 In Av.', '41294', 'Yangju', NULL, 'US', 4),
(705, 'P.O. Box 430, 9744 Et Avenue', '78686', 'Deurne', NULL, 'US', 5),
(706, 'P.O. Box 987, 9075 Mauris, Rd.', '27265', 'Lozzo Atestino', NULL, 'US', 1),
(707, '196 Ut Avenue', '35847', 'Saltillo', NULL, 'US', 1),
(708, 'P.O. Box 739, 6172 Mauris St.', '79015', 'North Waziristan', NULL, 'US', 5),
(709, 'Ap #717-4162 Nec Rd.', '05272', 'Santarém', NULL, 'UK', 2),
(710, '942-7680 Semper Rd.', '75798', 'Rotheux-RimiŽre', NULL, 'UK', 4),
(711, 'Ap #115-2034 Nam Av.', '51548', 'Morhet', NULL, 'UK', 3),
(712, 'P.O. Box 830, 1689 A, Avenue', '47134', 'Cumberland', NULL, 'UK', 1),
(713, 'P.O. Box 283, 4493 Nec Rd.', '12225', 'Santa Marta', NULL, 'UK', 2),
(714, 'P.O. Box 487, 1324 Lorem, Avenue', '10130', 'Kinrooi', NULL, 'UK', 1),
(715, '279-9564 Quis Ave', '92311', 'Tolentino', NULL, 'UK', 4),
(716, '754-151 Ultricies Road', '42943', 'Reggio nell\'Emilia', NULL, 'UK', 2),
(737, 'P.O. Box 865, 7605 Dui Avenue', '96480', 'Sunset Point', NULL, 'UK', 1),
(738, '236-9420 Lectus Ave', '64692', 'Veracruz', NULL, 'UK', 1),
(739, 'P.O. Box 570, 957 Mollis St.', '13729', 'Calle Blancos', NULL, 'UK', 2),
(740, '2670 Aliquam, Road', '33962', 'Mornimont', NULL, 'UK', 1),
(741, 'P.O. Box 169, 1554 Curabitur Road', '41060', 'Heule', NULL, 'UK', 2),
(742, 'P.O. Box 159, 4840 Ullamcorper, St.', '05490', 'Cervino', NULL, 'UK', 2),
(743, 'Ap #926-2785 Enim Street', '14806', 'Sylvan Lake', NULL, 'UK', 5),
(744, 'P.O. Box 374, 9891 Vel Av.', '50444', 'Arles', NULL, 'UK', 5),
(745, 'Ap #559-3382 Orci. St.', '42336', 'Motala', NULL, 'UK', 1),
(746, 'Ap #390-7493 Donec Avenue', '58610', 'Novosibirsk', NULL, 'UK', 3),
(747, '802-328 Ornare. Avenue', '33696', 'Sherbrooke', NULL, 'FR', 4),
(748, '640-5957 Ut Rd.', '43055', 'Kempten', NULL, 'FR', 3),
(749, 'P.O. Box 679, 4100 Erat Avenue', '18873', 'Codegua', NULL, 'FR', 5),
(750, 'Ap #905-8647 Conubia St.', '78450', 'Erembodegem', NULL, 'FR', 1),
(751, '680-4320 Risus. St.', '07860', 'Marilles', NULL, 'FR', 4),
(752, 'Ap #743-899 Nibh Avenue', '75521', 'Kerikeri', NULL, 'FR', 4),
(753, '213-6022 Sit St.', '75711', 'Lasbela', NULL, 'FR', 5),
(754, 'P.O. Box 761, 9469 Scelerisque Road', '12439', 'Cervinara', NULL, 'FR', 5),
(755, '526 Ante. Rd.', '47629', 'Drayton Valley', NULL, 'FR', 4),
(756, '998-1671 Vitae Rd.', '32731', 'Lidingo', NULL, 'FR', 4),
(757, '691-8536 Consequat Ave', '46071', 'Dufftown', NULL, 'US', 4),
(758, 'Ap #829-2455 Fusce Rd.', '23869', 'Parla', NULL, 'US', 3),
(759, '743-7385 Dolor Street', '59545', 'Dieppe', NULL, 'US', 1),
(760, 'Ap #157-2161 Et Ave', '05479', 'Guarulhos', NULL, 'US', 1),
(761, '492-2369 Viverra. Ave', '66668', 'Santo Stefano Quisquina', NULL, 'US', 1),
(762, '2408 Augue, St.', '43319', 'Newquay', NULL, 'US', 5),
(763, '1928 Suspendisse Avenue', '22497', 'Dortmund', NULL, 'US', 2),
(764, '711-7057 Nonummy St.', '32033', 'Nyandoma', NULL, 'US', 4),
(765, '6261 Magnis Ave', '55711', 'Chattanooga', NULL, 'US', 1),
(766, '8710 Sociis St.', '64512', 'Campofelice di Fitalia', NULL, 'US', 1),
(767, '561-3319 Ornare Road', '02441', 'Dordrecht', NULL, 'UK', 3),
(768, 'P.O. Box 713, 2434 Ipsum Ave', '35350', 'Thon', NULL, 'UK', 2),
(769, '8154 Cras Rd.', '22339', 'Scarborough', NULL, 'UK', 2),
(770, 'Ap #219-6514 Eu Rd.', '68782', 'Neiva', NULL, 'UK', 3),
(771, '122-3461 Eget Rd.', '16793', 'Alvito', NULL, 'UK', 1),
(772, '6168 Lacus. Road', '45776', 'Kitscoty', NULL, 'UK', 1),
(773, '151-6208 Phasellus Av.', '89896', 'Orai', NULL, 'UK', 3),
(774, 'Ap #215-9718 Sem, Rd.', '96147', 'Panchià', NULL, 'UK', 3),
(775, 'Ap #365-3241 Nunc Avenue', '88856', 'Plato', NULL, 'UK', 3),
(776, '397-5360 Aliquet Street', '55993', 'Plock', NULL, 'UK', 5),
(777, '1114 Arcu. Ave', '76091', 'Palmiano', NULL, 'FR', 5),
(778, '3534 Dolor Avenue', '73295', 'Loverval', NULL, 'FR', 5),
(779, '726-4081 Eu, Avenue', '20343', 'Ulyanovsk', NULL, 'FR', 3),
(780, '5570 Vitae Rd.', '50231', 'Concón', NULL, 'FR', 5),
(781, '128 Quis St.', '55724', 'Pont-Saint-Martin', NULL, 'FR', 2),
(782, 'P.O. Box 581, 5099 Arcu. Rd.', '70769', 'Kukatpalle', NULL, 'FR', 2),
(783, 'P.O. Box 401, 1851 Risus. Street', '56993', 'Siddi', NULL, 'FR', 3),
(784, 'Ap #514-3127 Ullamcorper. Rd.', '84822', 'Faridabad', NULL, 'FR', 3),
(785, 'P.O. Box 441, 8411 Natoque Avenue', '11871', 'Cerreto di Spoleto', NULL, 'FR', 1),
(786, 'P.O. Box 168, 1083 Proin Street', '08009', 'Purnea', NULL, 'FR', 5),
(787, 'Ap #446-2095 Aenean St.', '50180', 'Vihari', NULL, 'US', 3),
(788, '6869 Lobortis Street', '47960', 'College', NULL, 'US', 5),
(789, 'P.O. Box 226, 833 Malesuada Av.', '66181', 'Merseburg', NULL, 'US', 5),
(790, 'P.O. Box 223, 8457 Enim St.', '98748', 'Chía', NULL, 'US', 5),
(791, '757-4940 Commodo Av.', '88662', 'Roermond', NULL, 'US', 3),
(792, '745-4319 Quis, Road', '09218', 'Soria', NULL, 'US', 4),
(793, 'P.O. Box 496, 4377 Aliquet, Road', '82912', 'Mignanego', NULL, 'US', 2),
(794, 'P.O. Box 844, 3901 Mauris Av.', '52933', 'Waitara', NULL, 'US', 2),
(795, 'P.O. Box 941, 515 Vitae, Rd.', '89272', 'Galbiate', NULL, 'US', 2),
(796, '342-9236 Orci. St.', '81229', 'Chastre-Villeroux-Blanmont', NULL, 'US', 5),
(797, 'P.O. Box 452, 297 Mauris, Av.', '52666', 'Pelluhue', NULL, 'UK', 5),
(798, '923-4390 Quis St.', '79214', 'Afsin', NULL, 'UK', 3),
(799, 'P.O. Box 140, 536 Cursus Road', '48596', 'Lansing', NULL, 'UK', 5),
(800, 'Ap #615-191 Enim Ave', '57042', 'Tocopilla', NULL, 'UK', 3),
(801, 'Ap #454-9154 Consectetuer Street', '58270', 'Quillón', NULL, 'UK', 4),
(802, '7639 Metus St.', '20067', 'Westmount', NULL, 'UK', 1),
(803, '853-7806 Eu Avenue', '38935', 'Sarreguemines', NULL, 'UK', 4),
(804, 'P.O. Box 129, 8434 Nunc Av.', '72911', 'Tanjungbalai', NULL, 'UK', 4),
(805, '1128 Elit. Ave', '33382', 'Jolanda di Savoia', NULL, 'UK', 4),
(806, '722-6408 Habitant Rd.', '45221', 'Yongin', NULL, 'UK', 2),
(807, 'Ap #816-4013 Fames Street', '24853', 'Tramatza', NULL, 'FR', 1),
(808, 'P.O. Box 198, 5145 Sem Av.', '20501', 'Novosibirsk', NULL, 'FR', 3),
(809, 'P.O. Box 905, 5497 Augue Rd.', '84475', 'Spruce Grove', NULL, 'FR', 1),
(810, '7309 A Avenue', '10985', 'Mansfield-et-Pontefract', NULL, 'FR', 3),
(811, '113 Mauris Street', '65513', 'Antártica', NULL, 'FR', 3),
(812, '4742 Eget Street', '07974', 'Koninksem', NULL, 'FR', 3),
(813, 'P.O. Box 165, 8649 Nam Av.', '60084', 'Lacombe County', NULL, 'FR', 5),
(814, '814-9842 Enim. Rd.', '98094', 'Soria', NULL, 'FR', 1),
(815, '260-6009 Cras Street', '59234', 'Sossano', NULL, 'FR', 4),
(816, 'Ap #259-2662 Tempus Rd.', '73006', 'Varna/Vahrn', NULL, 'FR', 3),
(817, '477-430 Mauris Road', '58644', 'San Pietro al Tanagro', NULL, 'FR', 2),
(818, '641-387 Egestas Rd.', '48976', 'Knittelfeld', NULL, 'FR', 3),
(819, 'Ap #503-7345 Vulputate Street', '90730', 'Bassano in Teverina', NULL, 'FR', 4),
(820, '5688 Mauris Ave', '47228', 'Coelemu', NULL, 'FR', 1),
(821, '7181 Fusce Av.', '35679', 'Miami', NULL, 'FR', 1),
(822, '3890 Iaculis Ave', '64797', 'Yellowknife', NULL, 'FR', 2),
(823, '9878 Quisque Road', '50801', 'Coalhurst', NULL, 'FR', 4),
(824, 'Ap #137-5661 Ornare Av.', '70030', 'Evansville', NULL, 'FR', 5),
(825, 'P.O. Box 237, 9239 Ipsum Rd.', '64401', 'Cappelle sul Tavo', NULL, 'FR', 1),
(826, 'Ap #994-1297 Ut Avenue', '13557', 'Torrevieja', NULL, 'FR', 1),
(827, '636-6043 Cursus St.', '55335', 'Armstrong', NULL, 'US', 3),
(828, '953-7126 Non Av.', '78737', 'Panipat', NULL, 'US', 3),
(829, '5679 Maecenas St.', '53217', 'Whitchurch-Stouffville', NULL, 'US', 4),
(830, '978-8604 Fringilla Street', '80233', 'Kuringen', NULL, 'US', 4),
(831, '958-4523 Sollicitudin St.', '96987', 'Reading', NULL, 'US', 3),
(832, '269-6443 In Av.', '41294', 'Yangju', NULL, 'US', 4),
(833, 'P.O. Box 430, 9744 Et Avenue', '78686', 'Deurne', NULL, 'US', 5),
(834, 'P.O. Box 987, 9075 Mauris, Rd.', '27265', 'Lozzo Atestino', NULL, 'US', 1),
(835, '196 Ut Avenue', '35847', 'Saltillo', NULL, 'US', 1),
(836, 'P.O. Box 739, 6172 Mauris St.', '79015', 'North Waziristan', NULL, 'US', 5),
(837, 'Ap #717-4162 Nec Rd.', '05272', 'Santarém', NULL, 'UK', 2),
(838, '942-7680 Semper Rd.', '75798', 'Rotheux-Rimizre', NULL, 'UK', 4),
(839, 'Ap #115-2034 Nam Av.', '51548', 'Morhet', NULL, 'UK', 3),
(840, 'P.O. Box 830, 1689 A, Avenue', '47134', 'Cumberland', NULL, 'UK', 1),
(841, 'P.O. Box 283, 4493 Nec Rd.', '12225', 'Santa Marta', NULL, 'UK', 2),
(842, 'P.O. Box 487, 1324 Lorem, Avenue', '10130', 'Kinrooi', NULL, 'UK', 1),
(843, '279-9564 Quis Ave', '92311', 'Tolentino', NULL, 'UK', 4),
(844, '754-151 Ultricies Road', '42943', 'Reggio nell\'Emilia', NULL, 'UK', 2),
(865, 'P.O. Box 865, 7605 Dui Avenue', '96480', 'Sunset Point', NULL, 'UK', 1),
(866, '236-9420 Lectus Ave', '64692', 'Veracruz', NULL, 'UK', 1),
(867, 'P.O. Box 570, 957 Mollis St.', '13729', 'Calle Blancos', NULL, 'UK', 2),
(868, '2670 Aliquam, Road', '33962', 'Mornimont', NULL, 'UK', 1),
(869, 'P.O. Box 169, 1554 Curabitur Road', '41060', 'Heule', NULL, 'UK', 2),
(870, 'P.O. Box 159, 4840 Ullamcorper, St.', '05490', 'Cervino', NULL, 'UK', 2),
(871, 'Ap #926-2785 Enim Street', '14806', 'Sylvan Lake', NULL, 'UK', 5),
(872, 'P.O. Box 374, 9891 Vel Av.', '50444', 'Arles', NULL, 'UK', 5),
(873, 'Ap #559-3382 Orci. St.', '42336', 'Motala', NULL, 'UK', 1),
(874, 'Ap #390-7493 Donec Avenue', '58610', 'Novosibirsk', NULL, 'UK', 3),
(875, '802-328 Ornare. Avenue', '33696', 'Sherbrooke', NULL, 'FR', 4),
(876, '640-5957 Ut Rd.', '43055', 'Kempten', NULL, 'FR', 3),
(877, 'P.O. Box 679, 4100 Erat Avenue', '18873', 'Codegua', NULL, 'FR', 5),
(878, 'Ap #905-8647 Conubia St.', '78450', 'Erembodegem', NULL, 'FR', 1),
(879, '680-4320 Risus. St.', '07860', 'Marilles', NULL, 'FR', 4),
(880, 'Ap #743-899 Nibh Avenue', '75521', 'Kerikeri', NULL, 'FR', 4),
(881, '213-6022 Sit St.', '75711', 'Lasbela', NULL, 'FR', 5),
(882, 'P.O. Box 761, 9469 Scelerisque Road', '12439', 'Cervinara', NULL, 'FR', 5),
(883, '526 Ante. Rd.', '47629', 'Drayton Valley', NULL, 'FR', 4),
(884, '998-1671 Vitae Rd.', '32731', 'Lidingo', NULL, 'FR', 4),
(885, '691-8536 Consequat Ave', '46071', 'Dufftown', NULL, 'US', 4),
(886, 'Ap #829-2455 Fusce Rd.', '23869', 'Parla', NULL, 'US', 3),
(887, '743-7385 Dolor Street', '59545', 'Dieppe', NULL, 'US', 1),
(888, 'Ap #157-2161 Et Ave', '05479', 'Guarulhos', NULL, 'US', 1),
(889, '492-2369 Viverra. Ave', '66668', 'Santo Stefano Quisquina', NULL, 'US', 1),
(890, '2408 Augue, St.', '43319', 'Newquay', NULL, 'US', 5),
(891, '1928 Suspendisse Avenue', '22497', 'Dortmund', NULL, 'US', 2),
(892, '711-7057 Nonummy St.', '32033', 'Nyandoma', NULL, 'US', 4),
(893, '6261 Magnis Ave', '55711', 'Chattanooga', NULL, 'US', 1),
(894, '8710 Sociis St.', '64512', 'Campofelice di Fitalia', NULL, 'US', 1),
(895, '561-3319 Ornare Road', '02441', 'Dordrecht', NULL, 'UK', 3),
(896, 'P.O. Box 713, 2434 Ipsum Ave', '35350', 'Thon', NULL, 'UK', 2),
(897, '8154 Cras Rd.', '22339', 'Scarborough', NULL, 'UK', 2),
(898, 'Ap #219-6514 Eu Rd.', '68782', 'Neiva', NULL, 'UK', 3),
(899, '122-3461 Eget Rd.', '16793', 'Alvito', NULL, 'UK', 1),
(900, '6168 Lacus. Road', '45776', 'Kitscoty', NULL, 'UK', 1),
(901, '151-6208 Phasellus Av.', '89896', 'Orai', NULL, 'UK', 3),
(902, 'Ap #215-9718 Sem, Rd.', '96147', 'Panchià', NULL, 'UK', 3),
(903, 'Ap #365-3241 Nunc Avenue', '88856', 'Plato', NULL, 'UK', 3),
(904, '397-5360 Aliquet Street', '55993', 'Plock', NULL, 'UK', 5),
(905, '1114 Arcu. Ave', '76091', 'Palmiano', NULL, 'FR', 5),
(906, '3534 Dolor Avenue', '73295', 'Loverval', NULL, 'FR', 5),
(907, '726-4081 Eu, Avenue', '20343', 'Ulyanovsk', NULL, 'FR', 3),
(908, '5570 Vitae Rd.', '50231', 'Concón', NULL, 'FR', 5),
(909, '128 Quis St.', '55724', 'Pont-Saint-Martin', NULL, 'FR', 2),
(910, 'P.O. Box 581, 5099 Arcu. Rd.', '70769', 'Kukatpalle', NULL, 'FR', 2),
(911, 'P.O. Box 401, 1851 Risus. Street', '56993', 'Siddi', NULL, 'FR', 3),
(912, 'Ap #514-3127 Ullamcorper. Rd.', '84822', 'Faridabad', NULL, 'FR', 3),
(913, 'P.O. Box 441, 8411 Natoque Avenue', '11871', 'Cerreto di Spoleto', NULL, 'FR', 1),
(914, 'P.O. Box 168, 1083 Proin Street', '08009', 'Purnea', NULL, 'FR', 5),
(915, 'Ap #446-2095 Aenean St.', '50180', 'Vihari', NULL, 'US', 3),
(916, '6869 Lobortis Street', '47960', 'College', NULL, 'US', 5),
(917, 'P.O. Box 226, 833 Malesuada Av.', '66181', 'Merseburg', NULL, 'US', 5),
(918, 'P.O. Box 223, 8457 Enim St.', '98748', 'Chía', NULL, 'US', 5),
(919, '757-4940 Commodo Av.', '88662', 'Roermond', NULL, 'US', 3),
(920, '745-4319 Quis, Road', '09218', 'Soria', NULL, 'US', 4),
(921, 'P.O. Box 496, 4377 Aliquet, Road', '82912', 'Mignanego', NULL, 'US', 2),
(922, 'P.O. Box 844, 3901 Mauris Av.', '52933', 'Waitara', NULL, 'US', 2),
(923, 'P.O. Box 941, 515 Vitae, Rd.', '89272', 'Galbiate', NULL, 'US', 2),
(924, '342-9236 Orci. St.', '81229', 'Chastre-Villeroux-Blanmont', NULL, 'US', 5),
(925, 'P.O. Box 452, 297 Mauris, Av.', '52666', 'Pelluhue', NULL, 'UK', 5),
(926, '923-4390 Quis St.', '79214', 'Afsin', NULL, 'UK', 3),
(927, 'P.O. Box 140, 536 Cursus Road', '48596', 'Lansing', NULL, 'UK', 5),
(928, 'Ap #615-191 Enim Ave', '57042', 'Tocopilla', NULL, 'UK', 3),
(929, 'Ap #454-9154 Consectetuer Street', '58270', 'Quillón', NULL, 'UK', 4),
(930, '7639 Metus St.', '20067', 'Westmount', NULL, 'UK', 1),
(931, '853-7806 Eu Avenue', '38935', 'Sarreguemines', NULL, 'UK', 4),
(932, 'P.O. Box 129, 8434 Nunc Av.', '72911', 'Tanjungbalai', NULL, 'UK', 4),
(933, '1128 Elit. Ave', '33382', 'Jolanda di Savoia', NULL, 'UK', 4),
(934, '722-6408 Habitant Rd.', '45221', 'Yongin', NULL, 'UK', 2),
(935, 'Ap #816-4013 Fames Street', '24853', 'Tramatza', NULL, 'FR', 1),
(936, 'P.O. Box 198, 5145 Sem Av.', '20501', 'Novosibirsk', NULL, 'FR', 3),
(937, 'P.O. Box 905, 5497 Augue Rd.', '84475', 'Spruce Grove', NULL, 'FR', 1),
(938, '7309 A Avenue', '10985', 'Mansfield-et-Pontefract', NULL, 'FR', 3),
(939, '113 Mauris Street', '65513', 'Antártica', NULL, 'FR', 3),
(940, '4742 Eget Street', '07974', 'Koninksem', NULL, 'FR', 3),
(941, 'P.O. Box 165, 8649 Nam Av.', '60084', 'Lacombe County', NULL, 'FR', 5),
(942, '814-9842 Enim. Rd.', '98094', 'Soria', NULL, 'FR', 1),
(943, '260-6009 Cras Street', '59234', 'Sossano', NULL, 'FR', 4),
(944, 'Ap #259-2662 Tempus Rd.', '73006', 'Varna/Vahrn', NULL, 'FR', 3),
(945, '477-430 Mauris Road', '58644', 'San Pietro al Tanagro', NULL, 'FR', 2),
(946, '641-387 Egestas Rd.', '48976', 'Knittelfeld', NULL, 'FR', 3),
(947, 'Ap #503-7345 Vulputate Street', '90730', 'Bassano in Teverina', NULL, 'FR', 4),
(948, '5688 Mauris Ave', '47228', 'Coelemu', NULL, 'FR', 1),
(949, '7181 Fusce Av.', '35679', 'Miami', NULL, 'FR', 1),
(950, '3890 Iaculis Ave', '64797', 'Yellowknife', NULL, 'FR', 2),
(951, '9878 Quisque Road', '50801', 'Coalhurst', NULL, 'FR', 4),
(952, 'Ap #137-5661 Ornare Av.', '70030', 'Evansville', NULL, 'FR', 5),
(953, 'P.O. Box 237, 9239 Ipsum Rd.', '64401', 'Cappelle sul Tavo', NULL, 'FR', 1),
(954, 'Ap #994-1297 Ut Avenue', '13557', 'Torrevieja', NULL, 'FR', 1),
(955, '636-6043 Cursus St.', '55335', 'Armstrong', NULL, 'US', 3),
(956, '953-7126 Non Av.', '78737', 'Panipat', NULL, 'US', 3),
(957, '5679 Maecenas St.', '53217', 'Whitchurch-Stouffville', NULL, 'US', 4),
(958, '978-8604 Fringilla Street', '80233', 'Kuringen', NULL, 'US', 4),
(959, '958-4523 Sollicitudin St.', '96987', 'Reading', NULL, 'US', 3),
(960, '269-6443 In Av.', '41294', 'Yangju', NULL, 'US', 4),
(961, 'P.O. Box 430, 9744 Et Avenue', '78686', 'Deurne', NULL, 'US', 5),
(962, 'P.O. Box 987, 9075 Mauris, Rd.', '27265', 'Lozzo Atestino', NULL, 'US', 1),
(963, '196 Ut Avenue', '35847', 'Saltillo', NULL, 'US', 1),
(964, 'P.O. Box 739, 6172 Mauris St.', '79015', 'North Waziristan', NULL, 'US', 5),
(965, 'Ap #717-4162 Nec Rd.', '05272', 'Santarém', NULL, 'UK', 2),
(966, '942-7680 Semper Rd.', '75798', 'Rotheux-Rimizre', NULL, 'UK', 4),
(967, 'Ap #115-2034 Nam Av.', '51548', 'Morhet', NULL, 'UK', 3),
(968, 'P.O. Box 830, 1689 A, Avenue', '47134', 'Cumberland', NULL, 'UK', 1),
(969, 'P.O. Box 283, 4493 Nec Rd.', '12225', 'Santa Marta', NULL, 'UK', 2),
(970, 'P.O. Box 487, 1324 Lorem, Avenue', '10130', 'Kinrooi', NULL, 'UK', 1),
(971, '279-9564 Quis Ave', '92311', 'Tolentino', NULL, 'UK', 4),
(972, '754-151 Ultricies Road', '42943', 'Reggio nell\'Emilia', NULL, 'UK', 2),
(973, '538-583 Lectus St.', '94654', 'Saint-Eugène-de-Guigues', NULL, 'UK', 3),
(974, 'P.O. Box 962, 4968 Dictum Street', '10892', 'Pohang', NULL, 'UK', 4),
(975, '9806 Dis St.', '72534', 'Pogliano Milanese', NULL, 'FR', 2),
(976, 'Ap #343-8874 Augue Av.', '15164', 'Canora', NULL, 'FR', 1),
(977, '2743 Donec Street', '64256', 'Karlsruhe', NULL, 'FR', 4),
(978, '4211 Purus Avenue', '24232', 'Nagaon', NULL, 'FR', 1),
(979, '1632 Mollis. Av.', '24394', 'Talagante', NULL, 'FR', 3),
(980, 'Ap #753-4845 Eget Ave', '28189', 'Waiblingen', NULL, 'FR', 5),
(981, '400-1139 Consectetuer Rd.', '40154', 'Burin', NULL, 'FR', 2),
(982, 'P.O. Box 484, 3072 Vitae, Road', '65796', 'Borriana', NULL, 'FR', 4),
(983, 'P.O. Box 851, 3874 Elit. Av.', '09295', 'Stewart', NULL, 'FR', 2),
(984, '6259 Ridiculus St.', '13175', 'Hennigsdorf', NULL, 'FR', 3),
(985, 'P.O. Box 395, 8422 Lorem Street', '18079', 'Rödermark', NULL, 'US', 3),
(986, '225 Id, Road', '89864', 'San Nicolás', NULL, 'US', 4),
(987, 'P.O. Box 366, 7924 Vel Rd.', '58650', 'Sainte-Marie-Chevigny', NULL, 'US', 4),
(988, '279-8144 Sagittis Rd.', '59449', 'Kitscoty', NULL, 'US', 5),
(989, '7233 Purus St.', '94297', 'Olmué', NULL, 'US', 2),
(990, '637-2548 Dictum Street', '83996', 'Pinneberg', NULL, 'US', 1),
(991, '4283 Varius. Rd.', '61797', 'Hanau', NULL, 'US', 5),
(992, 'Ap #870-396 Et Av.', '70599', 'Preston', NULL, 'US', 5),
(993, 'Ap #297-2237 Semper Avenue', '98373', 'Fossato Serralta', NULL, 'US', 5),
(994, 'Ap #498-598 Ligula. Street', '19058', 'Palombaro', NULL, 'US', 2);

-- --------------------------------------------------------

--
-- Structure de la table `categories`
--

DROP TABLE IF EXISTS `categories`;
CREATE TABLE IF NOT EXISTS `categories` (
  `categoryID` int(11) NOT NULL AUTO_INCREMENT,
  `label` varchar(50) NOT NULL,
  `parentID` int(11) NOT NULL,
  PRIMARY KEY (`categoryID`),
  KEY `parentID` (`parentID`)
) ENGINE=MyISAM AUTO_INCREMENT=26 DEFAULT CHARSET=latin1;

--
-- Déchargement des données de la table `categories`
--

INSERT INTO `categories` (`categoryID`, `label`, `parentID`) VALUES
(1, 'Composants', 0),
(2, 'Périphériques', 0),
(3, 'Logiciels', 0),
(4, 'Ordinateurs', 0),
(5, 'Boitiers', 1),
(6, 'Alimentations', 1),
(7, 'Cartes graphiques', 1),
(8, 'Cartes mères', 1),
(9, 'Barettes RAM', 1),
(10, 'Processeurs', 1),
(11, 'Refroidissement', 1),
(12, 'Disques durs - SSD', 1),
(13, 'Claviers', 2),
(14, 'Souris', 2),
(15, 'Casques', 2),
(16, 'Ventilateurs', 2),
(17, 'Antivirus', 3),
(18, 'Systèmes d\'exploitation', 3),
(19, 'Bureautique', 3),
(20, 'Traitement d\'images', 3),
(21, 'Mixeur de sons', 3),
(23, 'PC fixes', 4),
(24, 'Portables', 4);

-- --------------------------------------------------------

--
-- Structure de la table `countries`
--

DROP TABLE IF EXISTS `countries`;
CREATE TABLE IF NOT EXISTS `countries` (
  `charcode` char(2) NOT NULL,
  `name` varchar(50) NOT NULL,
  `dialcode` varchar(4) NOT NULL,
  PRIMARY KEY (`charcode`)
) ENGINE=MyISAM DEFAULT CHARSET=latin1;

--
-- Déchargement des données de la table `countries`
--

INSERT INTO `countries` (`charcode`, `name`, `dialcode`) VALUES
('AF', 'Afghanistan', '93'),
('AL', 'Albania', '355'),
('DZ', 'Algeria', '213'),
('AD', 'Andorra', '376'),
('AO', 'Angola', '244'),
('AQ', 'Antarctica', '672'),
('AR', 'Argentina', '54'),
('AM', 'Armenia', '374'),
('AW', 'Aruba', '297'),
('AU', 'Australia', '61'),
('AT', 'Austria', '43'),
('AZ', 'Azerbaijan', '994'),
('BH', 'Bahrain', '973'),
('BD', 'Bangladesh', '880'),
('BY', 'Belarus', '375'),
('BE', 'Belgium', '32'),
('BZ', 'Belize', '501'),
('BJ', 'Benin', '229'),
('BT', 'Bhutan', '975'),
('BO', 'Bolivia', '591'),
('BA', 'Bosnia and Herzegovina', '387'),
('BW', 'Botswana', '267'),
('BR', 'Brazil', '55'),
('IO', 'British Indian Ocean Territory', '246'),
('BN', 'Brunei', '673'),
('BG', 'Bulgaria', '359'),
('BF', 'Burkina Faso', '226'),
('BI', 'Burundi', '257'),
('KH', 'Cambodia', '855'),
('CM', 'Cameroon', '237'),
('CA', 'Canada', '1'),
('CV', 'Cape Verde', '238'),
('CF', 'Central African Republic', '236'),
('TD', 'Chad', '235'),
('CL', 'Chile', '56'),
('CN', 'China', '86'),
('CX', 'Christmas Island', '61'),
('CC', 'Cocos Islands', '61'),
('CO', 'Colombia', '57'),
('KM', 'Comoros', '269'),
('CK', 'Cook Islands', '682'),
('CR', 'Costa Rica', '506'),
('HR', 'Croatia', '385'),
('CU', 'Cuba', '53'),
('CW', 'Curacao', '599'),
('CY', 'Cyprus', '357'),
('CZ', 'Czech Republic', '420'),
('CD', 'Democratic Republic of the Congo', '243'),
('DK', 'Denmark', '45'),
('DJ', 'Djibouti', '253'),
('TL', 'East Timor', '670'),
('EC', 'Ecuador', '593'),
('EG', 'Egypt', '20'),
('SV', 'El Salvador', '503'),
('GQ', 'Equatorial Guinea', '240'),
('ER', 'Eritrea', '291'),
('EE', 'Estonia', '372'),
('ET', 'Ethiopia', '251'),
('FK', 'Falkland Islands', '500'),
('FO', 'Faroe Islands', '298'),
('FJ', 'Fiji', '679'),
('FI', 'Finland', '358'),
('FR', 'France', '33'),
('PF', 'French Polynesia', '689'),
('GA', 'Gabon', '241'),
('GM', 'Gambia', '220'),
('GE', 'Georgia', '995'),
('DE', 'Germany', '49'),
('GH', 'Ghana', '233'),
('GI', 'Gibraltar', '350'),
('GR', 'Greece', '30'),
('GL', 'Greenland', '299'),
('GT', 'Guatemala', '502'),
('GN', 'Guinea', '224'),
('GW', 'Guinea-Bissau', '245'),
('GY', 'Guyana', '592'),
('HT', 'Haiti', '509'),
('HN', 'Honduras', '504'),
('HK', 'Hong Kong', '852'),
('HU', 'Hungary', '36'),
('IS', 'Iceland', '354'),
('IN', 'India', '91'),
('ID', 'Indonesia', '62'),
('IR', 'Iran', '98'),
('IQ', 'Iraq', '964'),
('IE', 'Ireland', '353'),
('IL', 'Israel', '972'),
('IT', 'Italy', '39'),
('CI', 'Ivory Coast', '225'),
('JP', 'Japan', '81'),
('JO', 'Jordan', '962'),
('KZ', 'Kazakhstan', '7'),
('KE', 'Kenya', '254'),
('KI', 'Kiribati', '686'),
('XK', 'Kosovo', '383'),
('KW', 'Kuwait', '965'),
('KG', 'Kyrgyzstan', '996'),
('LA', 'Laos', '856'),
('LV', 'Latvia', '371'),
('LB', 'Lebanon', '961'),
('LS', 'Lesotho', '266'),
('LR', 'Liberia', '231'),
('LY', 'Libya', '218'),
('LI', 'Liechtenstein', '423'),
('LT', 'Lithuania', '370'),
('LU', 'Luxembourg', '352'),
('MO', 'Macau', '853'),
('MK', 'Macedonia', '389'),
('MG', 'Madagascar', '261'),
('MW', 'Malawi', '265'),
('MY', 'Malaysia', '60'),
('MV', 'Maldives', '960'),
('ML', 'Mali', '223'),
('MT', 'Malta', '356'),
('MH', 'Marshall Islands', '692'),
('MR', 'Mauritania', '222'),
('MU', 'Mauritius', '230'),
('YT', 'Mayotte', '262'),
('MX', 'Mexico', '52'),
('FM', 'Micronesia', '691'),
('MD', 'Moldova', '373'),
('MC', 'Monaco', '377'),
('MN', 'Mongolia', '976'),
('ME', 'Montenegro', '382'),
('MA', 'Morocco', '212'),
('MZ', 'Mozambique', '258'),
('MM', 'Myanmar', '95'),
('NA', 'Namibia', '264'),
('NR', 'Nauru', '674'),
('NP', 'Nepal', '977'),
('NL', 'Netherlands', '31'),
('AN', 'Netherlands Antilles', '599'),
('NC', 'New Caledonia', '687'),
('NZ', 'New Zealand', '64'),
('NI', 'Nicaragua', '505'),
('NE', 'Niger', '227'),
('NG', 'Nigeria', '234'),
('NU', 'Niue', '683'),
('KP', 'North Korea', '850'),
('NO', 'Norway', '47'),
('OM', 'Oman', '968'),
('PK', 'Pakistan', '92'),
('PW', 'Palau', '680'),
('PS', 'Palestine', '970'),
('PA', 'Panama', '507'),
('PG', 'Papua New Guinea', '675'),
('PY', 'Paraguay', '595'),
('PE', 'Peru', '51'),
('PH', 'Philippines', '63'),
('PN', 'Pitcairn', '64'),
('PL', 'Poland', '48'),
('PT', 'Portugal', '351'),
('QA', 'Qatar', '974'),
('CG', 'Republic of the Congo', '242'),
('RE', 'Reunion', '262'),
('RO', 'Romania', '40'),
('RU', 'Russia', '7'),
('RW', 'Rwanda', '250'),
('BL', 'Saint Barthelemy', '590'),
('SH', 'Saint Helena', '290'),
('MF', 'Saint Martin', '590'),
('PM', 'Saint Pierre and Miquelon', '508'),
('WS', 'Samoa', '685'),
('SM', 'San Marino', '378'),
('ST', 'Sao Tome and Principe', '239'),
('SA', 'Saudi Arabia', '966'),
('SN', 'Senegal', '221'),
('RS', 'Serbia', '381'),
('SC', 'Seychelles', '248'),
('SL', 'Sierra Leone', '232'),
('SG', 'Singapore', '65'),
('SK', 'Slovakia', '421'),
('SI', 'Slovenia', '386'),
('SB', 'Solomon Islands', '677'),
('SO', 'Somalia', '252'),
('ZA', 'South Africa', '27'),
('KR', 'South Korea', '82'),
('SS', 'South Sudan', '211'),
('ES', 'Spain', '34'),
('LK', 'Sri Lanka', '94'),
('SD', 'Sudan', '249'),
('SR', 'Suriname', '597'),
('SJ', 'Svalbard and Jan Mayen', '47'),
('SZ', 'Swaziland', '268'),
('SE', 'Sweden', '46'),
('CH', 'Switzerland', '41'),
('SY', 'Syria', '963'),
('TW', 'Taiwan', '886'),
('TJ', 'Tajikistan', '992'),
('TZ', 'Tanzania', '255'),
('TH', 'Thailand', '66'),
('TG', 'Togo', '228'),
('TK', 'Tokelau', '690'),
('TO', 'Tonga', '676'),
('TN', 'Tunisia', '216'),
('TR', 'Turkey', '90'),
('TM', 'Turkmenistan', '993'),
('TV', 'Tuvalu', '688'),
('UG', 'Uganda', '256'),
('UA', 'Ukraine', '380'),
('AE', 'United Arab Emirates', '971'),
('GB', 'United Kingdom', '44'),
('US', 'United States', '1'),
('UY', 'Uruguay', '598'),
('UZ', 'Uzbekistan', '998'),
('VU', 'Vanuatu', '678'),
('VA', 'Vatican', '379'),
('VE', 'Venezuela', '58'),
('VN', 'Vietnam', '84'),
('WF', 'Wallis and Futuna', '681'),
('EH', 'Western Sahara', '212'),
('YE', 'Yemen', '967'),
('ZM', 'Zambia', '260'),
('ZW', 'Zimbabwe', '263');

-- --------------------------------------------------------

--
-- Structure de la table `discounts`
--

DROP TABLE IF EXISTS `discounts`;
CREATE TABLE IF NOT EXISTS `discounts` (
  `discountID` int(11) NOT NULL AUTO_INCREMENT,
  `code` varchar(50) NOT NULL,
  `percentvalue` tinyint(4) DEFAULT NULL,
  `fixedvalue` int(11) DEFAULT NULL,
  `minamount` int(11) DEFAULT NULL,
  `active` tinyint(1) NOT NULL DEFAULT '1',
  PRIMARY KEY (`discountID`),
  UNIQUE KEY `code` (`code`)
) ENGINE=MyISAM AUTO_INCREMENT=5 DEFAULT CHARSET=latin1;

--
-- Déchargement des données de la table `discounts`
--

INSERT INTO `discounts` (`discountID`, `code`, `percentvalue`, `fixedvalue`, `minamount`, `active`) VALUES
(1, 'HAPPY2019', 15, NULL, 40, 1),
(2, 'BIRTHDAY18', NULL, 10, NULL, 1),
(3, 'SOLDES20', 20, NULL, 60, 1),
(4, 'REDUCNOW', NULL, 5, 40, 1);

-- --------------------------------------------------------

--
-- Structure de la table `madeof`
--

DROP TABLE IF EXISTS `madeof`;
CREATE TABLE IF NOT EXISTS `madeof` (
  `productID` int(11) NOT NULL,
  `orderID` int(11) NOT NULL,
  `quantity` int(11) NOT NULL,
  `delivered` tinyint(1) NOT NULL,
  KEY `orderID` (`orderID`,`productID`) USING BTREE
) ENGINE=MyISAM DEFAULT CHARSET=latin1;

--
-- Déchargement des données de la table `madeof`
--

INSERT INTO `madeof` (`productID`, `orderID`, `quantity`, `delivered`) VALUES
(302, 11, 1, 1),
(414, 51, 2, 1),
(339, 75, 1, 1),
(423, 12, 1, 1),
(364, 71, 1, 1),
(294, 125, 1, 1),
(299, 81, 1, 1),
(392, 65, 1, 1),
(295, 79, 1, 1),
(387, 64, 1, 1),
(376, 143, 2, 1),
(328, 12, 5, 1),
(385, 51, 1, 1),
(298, 110, 2, 1),
(385, 12, 1, 1),
(390, 115, 1, 1),
(329, 25, 1, 1),
(413, 99, 1, 1),
(325, 81, 1, 1),
(418, 35, 7, 1),
(373, 58, 1, 1),
(315, 80, 1, 1),
(323, 1, 1, 1),
(424, 117, 2, 1),
(304, 20, 1, 1),
(363, 14, 1, 1),
(409, 41, 1, 0),
(423, 124, 1, 1),
(336, 100, 1, 1),
(380, 148, 1, 1),
(423, 3, 1, 1),
(393, 64, 1, 1),
(332, 39, 1, 1),
(401, 23, 1, 1),
(384, 147, 2, 1),
(396, 147, 1, 1),
(409, 74, 1, 0),
(408, 142, 1, 1),
(361, 103, 1, 1),
(358, 80, 1, 1),
(419, 76, 1, 1),
(347, 64, 1, 1),
(304, 39, 1, 0),
(303, 86, 1, 1),
(344, 77, 1, 0),
(297, 4, 7, 1),
(384, 97, 1, 1),
(408, 148, 1, 1),
(401, 129, 2, 1),
(410, 100, 2, 1),
(355, 47, 1, 1),
(363, 98, 2, 1),
(350, 128, 1, 0),
(325, 44, 1, 1),
(382, 93, 1, 1),
(413, 107, 1, 1),
(400, 1, 1, 0),
(373, 89, 1, 1),
(307, 97, 1, 0),
(381, 2, 2, 1),
(417, 7, 1, 1),
(416, 102, 1, 1),
(301, 9, 1, 1),
(323, 112, 1, 1),
(364, 76, 5, 1),
(376, 17, 4, 1),
(392, 16, 2, 1),
(363, 121, 1, 1),
(324, 151, 1, 1),
(330, 7, 1, 1),
(376, 39, 1, 1),
(298, 45, 2, 1),
(402, 61, 2, 1),
(293, 40, 1, 1),
(332, 20, 1, 1),
(372, 88, 2, 0),
(422, 101, 2, 1),
(347, 64, 1, 1),
(377, 151, 1, 1),
(321, 90, 1, 1),
(386, 76, 1, 1),
(298, 125, 1, 0),
(389, 99, 8, 1),
(336, 54, 1, 1),
(332, 127, 2, 1),
(379, 29, 2, 1),
(412, 98, 1, 1),
(362, 131, 2, 1),
(424, 96, 1, 1),
(388, 91, 1, 1),
(295, 58, 1, 1),
(372, 34, 1, 1),
(316, 62, 1, 1),
(411, 149, 1, 0),
(351, 131, 1, 1),
(386, 142, 2, 1),
(350, 44, 1, 1),
(360, 123, 1, 1),
(350, 74, 1, 0),
(422, 23, 2, 0),
(335, 41, 1, 1),
(360, 139, 1, 0),
(366, 132, 1, 1),
(311, 101, 2, 1),
(308, 142, 1, 1),
(362, 128, 1, 1),
(358, 57, 1, 1),
(346, 88, 1, 1),
(335, 97, 2, 0),
(316, 64, 1, 1),
(412, 37, 1, 1),
(389, 56, 1, 1),
(342, 93, 1, 1),
(354, 87, 1, 1),
(376, 87, 1, 1),
(297, 35, 1, 1),
(322, 12, 1, 0),
(397, 30, 1, 1),
(294, 17, 1, 1),
(325, 81, 1, 0),
(329, 118, 1, 0),
(320, 137, 1, 1),
(424, 109, 1, 1),
(351, 98, 1, 1),
(404, 138, 8, 1),
(391, 118, 1, 1),
(412, 60, 1, 1),
(294, 150, 2, 1),
(304, 10, 1, 1),
(399, 28, 1, 1),
(355, 130, 2, 1),
(350, 144, 2, 1),
(386, 123, 1, 1),
(323, 97, 2, 1),
(392, 78, 1, 1),
(378, 76, 1, 1),
(294, 31, 3, 1),
(396, 2, 1, 1),
(396, 119, 7, 1),
(396, 99, 1, 1),
(369, 145, 2, 1),
(396, 149, 1, 1),
(377, 106, 2, 0),
(409, 42, 5, 1),
(343, 18, 1, 1),
(294, 21, 1, 1),
(348, 131, 1, 1),
(295, 39, 1, 1),
(373, 116, 1, 1),
(414, 112, 2, 1),
(347, 103, 1, 1),
(328, 82, 1, 0),
(395, 97, 1, 0),
(405, 55, 2, 1),
(317, 51, 1, 1),
(357, 136, 2, 1),
(399, 8, 1, 1),
(304, 108, 1, 1),
(295, 28, 1, 1),
(417, 86, 2, 0),
(387, 31, 5, 1),
(391, 100, 1, 1),
(363, 9, 1, 1),
(389, 148, 1, 1),
(330, 101, 1, 1),
(293, 8, 7, 1),
(360, 35, 1, 1),
(375, 16, 1, 1),
(318, 101, 2, 1),
(374, 67, 2, 1),
(420, 111, 1, 1),
(324, 65, 2, 1),
(328, 141, 1, 1),
(300, 26, 1, 0),
(415, 109, 1, 1),
(348, 86, 1, 1),
(397, 54, 1, 1),
(407, 98, 1, 1),
(365, 132, 1, 1),
(349, 126, 3, 1),
(322, 140, 1, 0),
(330, 120, 1, 1),
(407, 37, 2, 1),
(334, 88, 1, 1),
(300, 97, 1, 1),
(411, 141, 2, 0),
(383, 37, 1, 1),
(376, 52, 1, 0),
(334, 21, 1, 1),
(341, 75, 1, 1),
(316, 102, 1, 1),
(374, 129, 1, 1),
(385, 102, 1, 1),
(308, 67, 1, 1),
(338, 111, 1, 1),
(294, 123, 1, 0),
(344, 128, 1, 1),
(339, 69, 1, 1),
(307, 89, 8, 0),
(342, 146, 2, 1),
(313, 85, 2, 1),
(300, 116, 1, 0),
(338, 2, 1, 1),
(367, 116, 2, 1),
(379, 19, 1, 1),
(307, 114, 1, 0),
(394, 147, 1, 1),
(293, 38, 1, 1),
(410, 136, 1, 0),
(418, 151, 2, 1),
(356, 107, 2, 1),
(403, 137, 1, 0),
(387, 103, 2, 1),
(341, 4, 1, 0),
(385, 19, 1, 1),
(390, 21, 2, 1),
(346, 32, 2, 0),
(308, 119, 7, 1),
(409, 70, 1, 1),
(351, 104, 1, 1),
(356, 20, 1, 1),
(295, 123, 7, 1),
(421, 48, 1, 1),
(306, 20, 1, 1),
(305, 15, 1, 1),
(418, 134, 1, 1),
(350, 28, 1, 0),
(400, 38, 6, 1),
(299, 98, 6, 1),
(321, 61, 5, 0),
(406, 87, 1, 1),
(300, 111, 8, 1),
(378, 40, 7, 0),
(413, 106, 1, 1),
(410, 100, 2, 1),
(387, 24, 1, 1),
(329, 125, 1, 1),
(292, 121, 1, 1),
(322, 10, 1, 1),
(319, 28, 1, 1),
(385, 24, 1, 1),
(335, 145, 1, 1),
(392, 126, 1, 1),
(354, 136, 1, 1),
(393, 103, 1, 1),
(378, 10, 1, 1),
(384, 29, 1, 1),
(333, 125, 1, 1),
(302, 105, 1, 1),
(401, 1, 2, 0),
(361, 44, 1, 1),
(359, 131, 1, 0),
(310, 80, 1, 1),
(329, 93, 1, 1),
(397, 151, 1, 1),
(395, 2, 3, 1),
(348, 96, 1, 1),
(393, 10, 1, 1),
(412, 143, 1, 1),
(363, 96, 1, 1),
(373, 122, 2, 1),
(313, 23, 1, 1),
(369, 141, 2, 1),
(398, 105, 1, 1),
(373, 129, 1, 1),
(325, 91, 3, 1),
(378, 22, 1, 0),
(399, 2, 1, 1),
(398, 74, 1, 1),
(331, 68, 1, 1),
(334, 135, 2, 1),
(324, 8, 1, 1),
(329, 125, 3, 1),
(309, 146, 1, 1),
(418, 68, 1, 1),
(418, 90, 1, 1),
(402, 148, 2, 1),
(324, 120, 1, 1),
(340, 47, 1, 1),
(300, 24, 2, 1),
(307, 34, 1, 1),
(404, 84, 1, 1),
(309, 6, 5, 1),
(410, 41, 1, 1),
(344, 84, 1, 1),
(408, 43, 2, 0),
(416, 78, 1, 1),
(348, 80, 1, 1),
(333, 88, 1, 0),
(394, 68, 1, 1),
(303, 140, 1, 0),
(334, 98, 2, 1),
(392, 34, 1, 1),
(376, 102, 1, 1),
(401, 53, 2, 1),
(381, 99, 1, 1),
(341, 90, 1, 1),
(315, 40, 1, 1),
(387, 109, 6, 1),
(402, 104, 1, 1),
(407, 131, 1, 1),
(393, 131, 1, 0),
(375, 80, 1, 1),
(370, 31, 3, 1),
(292, 105, 2, 0),
(332, 67, 1, 0),
(330, 127, 8, 1),
(330, 125, 1, 1),
(400, 87, 2, 1),
(343, 122, 1, 1),
(364, 12, 2, 1),
(419, 148, 1, 1),
(316, 150, 1, 1),
(363, 25, 1, 1),
(300, 47, 1, 0),
(346, 11, 2, 1),
(362, 129, 1, 1),
(355, 17, 2, 1),
(413, 101, 1, 1),
(319, 16, 1, 1),
(358, 146, 1, 1),
(356, 125, 6, 1),
(314, 29, 3, 1),
(358, 132, 1, 1),
(350, 2, 1, 1),
(346, 43, 1, 1),
(413, 51, 1, 1),
(364, 45, 1, 1),
(316, 21, 1, 1),
(381, 108, 1, 1),
(364, 72, 1, 1),
(390, 13, 1, 1),
(293, 6, 1, 1),
(379, 135, 2, 1),
(390, 24, 1, 1),
(354, 68, 1, 1),
(350, 115, 1, 0),
(401, 134, 2, 1),
(362, 2, 1, 1),
(357, 146, 1, 1),
(375, 95, 1, 1),
(344, 31, 1, 1),
(320, 109, 1, 1),
(315, 52, 1, 1),
(364, 55, 1, 0),
(335, 106, 1, 1),
(398, 75, 1, 1),
(410, 142, 1, 1),
(325, 29, 1, 1),
(331, 26, 1, 1),
(368, 75, 1, 0),
(331, 100, 1, 1),
(389, 59, 4, 1),
(393, 25, 2, 1),
(335, 84, 1, 1),
(386, 49, 1, 1);

-- --------------------------------------------------------

--
-- Structure de la table `orders`
--

DROP TABLE IF EXISTS `orders`;
CREATE TABLE IF NOT EXISTS `orders` (
  `orderID` int(11) NOT NULL AUTO_INCREMENT,
  `price` decimal(8,2) NOT NULL,
  `deliveryadress` int(11) NOT NULL,
  `billingadress` int(11) NOT NULL,
  `state` tinyint(4) DEFAULT NULL COMMENT 'Etat de la commande (0: non validée,  1: en cours,  2: achevée,  3: annulée)',
  `payed` tinyint(1) NOT NULL,
  `discountID` int(11) DEFAULT NULL,
  `userID` int(11) NOT NULL,
  PRIMARY KEY (`orderID`),
  KEY `discountID` (`discountID`),
  KEY `userID` (`userID`)
) ENGINE=MyISAM AUTO_INCREMENT=152 DEFAULT CHARSET=latin1;

--
-- Déchargement des données de la table `orders`
--

INSERT INTO `orders` (`orderID`, `price`, `deliveryadress`, `billingadress`, `state`, `payed`, `discountID`, `userID`) VALUES
(1, '16.53', 500, 500, 1, 1, NULL, 1),
(3, '34.91', 812, 812, 1, 1, NULL, 5),
(4, '231.37', 818, 818, 1, 1, NULL, 2),
(6, '88.85', 814, 814, 0, 1, NULL, 5),
(7, '262.96', 957, 689, 2, 1, NULL, 2),
(8, '321.36', 694, 694, 1, 1, NULL, 5),
(9, '306.13', 987, 987, 1, 0, NULL, 2),
(10, '276.23', 821, 821, 3, 1, NULL, 3),
(11, '287.24', 948, 878, 0, 1, NULL, 3),
(13, '114.72', 624, 624, 1, 1, NULL, 1),
(14, '90.25', 582, 777, 0, 0, NULL, 5),
(15, '326.45', 635, 635, 3, 1, NULL, 5),
(16, '283.76', 653, 756, 2, 1, NULL, 4),
(18, '275.08', 776, 776, 2, 1, NULL, 4),
(19, '165.84', 545, 545, 2, 1, NULL, 1),
(20, '134.07', 990, 637, 1, 1, NULL, 4),
(21, '51.75', 569, 569, 1, 1, NULL, 1),
(22, '52.78', 776, 776, 3, 1, 2, 5),
(23, '300.89', 983, 983, 0, 1, NULL, 3),
(24, '243.37', 934, 550, 1, 1, NULL, 3),
(26, '274.00', 799, 799, 2, 1, NULL, 5),
(28, '253.90', 696, 625, 1, 1, NULL, 3),
(29, '317.35', 639, 639, 1, 1, NULL, 1),
(30, '290.59', 567, 567, 2, 1, NULL, 1),
(32, '264.43', 872, 872, 3, 1, NULL, 5),
(34, '319.19', 800, 800, 0, 1, 3, 3),
(37, '288.43', 623, 623, 2, 1, 4, 3),
(38, '309.85', 642, 642, 2, 1, NULL, 4),
(39, '297.87', 648, 648, 1, 1, NULL, 3),
(40, '239.15', 977, 977, 0, 1, NULL, 3),
(41, '71.47', 946, 946, 0, 1, NULL, 1),
(42, '34.05', 688, 688, 0, 1, 2, 3),
(43, '125.12', 679, 679, 2, 1, NULL, 5),
(44, '182.03', 820, 758, 2, 1, 2, 1),
(45, '240.77', 924, 924, 3, 1, NULL, 5),
(47, '281.16', 646, 646, 2, 1, NULL, 3),
(49, '242.86', 535, 535, 2, 1, NULL, 2),
(51, '221.41', 712, 712, 0, 1, NULL, 4),
(52, '256.80', 560, 560, 1, 1, NULL, 2),
(53, '132.89', 799, 907, 3, 1, NULL, 2),
(54, '222.02', 560, 873, 2, 0, NULL, 3),
(55, '168.74', 737, 737, 1, 1, NULL, 3),
(57, '143.85', 921, 837, 2, 1, NULL, 2),
(58, '180.13', 744, 744, 1, 1, 2, 5),
(60, '59.03', 894, 507, 0, 1, NULL, 1),
(61, '224.14', 774, 774, 2, 1, NULL, 2),
(62, '178.72', 866, 866, 2, 1, NULL, 5),
(64, '262.39', 701, 701, 2, 1, NULL, 5),
(65, '279.45', 647, 647, 2, 1, NULL, 4),
(67, '267.43', 535, 535, 2, 1, NULL, 5),
(68, '226.20', 875, 875, 3, 1, NULL, 5),
(69, '227.52', 980, 775, 1, 1, NULL, 1),
(70, '150.02', 665, 665, 1, 1, NULL, 3),
(71, '89.62', 711, 874, 3, 1, NULL, 4),
(72, '25.06', 822, 822, 1, 1, NULL, 4),
(74, '87.27', 990, 634, 0, 1, NULL, 2),
(78, '300.94', 613, 613, 2, 1, NULL, 2),
(79, '25.06', 763, 899, 2, 1, NULL, 2),
(80, '298.37', 929, 929, 2, 1, NULL, 1),
(81, '135.78', 768, 936, 1, 0, NULL, 1),
(82, '318.02', 886, 886, 0, 1, NULL, 5),
(85, '238.32', 887, 887, 0, 0, NULL, 1),
(86, '209.57', 549, 549, 2, 1, 3, 1),
(88, '249.14', 867, 867, 1, 0, NULL, 4),
(89, '162.20', 918, 639, 1, 0, NULL, 3),
(90, '222.95', 975, 975, 1, 1, NULL, 5),
(91, '18.71', 575, 575, 2, 1, NULL, 2),
(95, '121.90', 801, 801, 1, 1, NULL, 5),
(96, '50.67', 675, 833, 1, 1, NULL, 1),
(100, '98.43', 991, 991, 2, 0, NULL, 2),
(102, '316.71', 973, 973, 2, 0, NULL, 1),
(103, '110.77', 761, 559, 3, 1, NULL, 2),
(104, '251.26', 694, 550, 0, 1, 2, 2),
(105, '141.53', 761, 761, 2, 1, NULL, 2),
(106, '272.46', 994, 994, 2, 1, NULL, 3),
(107, '130.75', 768, 768, 2, 0, NULL, 1),
(108, '111.02', 869, 869, 0, 1, NULL, 2),
(109, '245.80', 889, 889, 1, 1, NULL, 4),
(110, '195.16', 570, 570, 2, 1, NULL, 5),
(112, '30.01', 882, 882, 1, 1, NULL, 1),
(114, '128.67', 682, 682, 1, 1, NULL, 1),
(115, '72.20', 708, 708, 1, 1, NULL, 2),
(116, '306.63', 584, 584, 0, 1, NULL, 3),
(119, '143.32', 784, 784, 0, 1, NULL, 5),
(120, '188.58', 759, 759, 0, 1, 1, 2),
(121, '78.74', 687, 687, 1, 0, 4, 1),
(122, '272.49', 989, 989, 2, 1, NULL, 2),
(123, '290.83', 565, 565, 0, 1, NULL, 3),
(125, '151.46', 835, 835, 2, 1, NULL, 5),
(132, '218.42', 779, 779, 1, 0, NULL, 5),
(135, '205.43', 968, 968, 0, 1, NULL, 1),
(136, '53.38', 986, 986, 2, 1, NULL, 5),
(138, '94.70', 975, 975, 3, 1, NULL, 5),
(140, '293.57', 844, 844, 1, 1, NULL, 3),
(141, '17.63', 889, 889, 2, 1, NULL, 4),
(142, '78.08', 635, 635, 0, 1, NULL, 5),
(143, '288.22', 658, 886, 1, 1, NULL, 4),
(146, '92.06', 941, 941, 1, 1, NULL, 5),
(147, '63.71', 949, 648, 1, 1, NULL, 3),
(148, '140.79', 880, 880, 2, 1, 2, 3),
(149, '105.24', 900, 900, 0, 1, 1, 4),
(151, '22.15', 658, 658, 0, 1, 3, 5);

-- --------------------------------------------------------

--
-- Structure de la table `products`
--

DROP TABLE IF EXISTS `products`;
CREATE TABLE IF NOT EXISTS `products` (
  `productID` int(11) NOT NULL AUTO_INCREMENT,
  `label` varchar(50) NOT NULL,
  `reference` varchar(50) NOT NULL,
  `maker` varchar(255) DEFAULT NULL,
  `ptprice` decimal(8,2) DEFAULT NULL,
  `description` text,
  `discount` smallint(6) DEFAULT NULL,
  `stock` int(11) DEFAULT NULL,
  `adddate` datetime NOT NULL DEFAULT CURRENT_TIMESTAMP,
  `updatedate` datetime DEFAULT NULL,
  `available` tinyint(1) NOT NULL DEFAULT '1',
  `supplierID` int(11) NOT NULL,
  `categoryID` int(11) NOT NULL,
  PRIMARY KEY (`productID`),
  UNIQUE KEY `reference` (`reference`),
  KEY `supplierID` (`supplierID`),
  KEY `categoryID` (`categoryID`)
) ENGINE=MyISAM AUTO_INCREMENT=428 DEFAULT CHARSET=latin1;

--
-- Déchargement des données de la table `products`
--

INSERT INTO `products` (`productID`, `label`, `reference`, `maker`, `ptprice`, `description`, `discount`, `stock`, `adddate`, `updatedate`, `available`, `supplierID`, `categoryID`) VALUES
(292, 'nonummy', '1B1688E5', 'Nulla Inc.', '5.45', 'lectus. Cum sociis natoque penatibus et magnis dis parturient montes, nascetur ridiculus mus. Donec dignissim magna a tortor. Nunc commodo auctor velit. Aliquam nisl. Nulla eu neque pellentesque massa lobortis ultrices. Vivamus rhoncus. Donec est. Nunc ullamcorper, velit in aliquet lobortis, nisi nibh lacinia orci, consectetuer euismod est arcu ac orci. Ut semper pretium neque. Morbi quis urna. Nunc quis arcu vel quam dignissim pharetra. Nam ac nulla. In tincidunt congue turpis. In condimentum. Donec at arcu. Vestibulum ante ipsum primis in faucibus orci luctus et ultrices posuere cubilia Curae; Donec tincidunt. Donec vitae erat vel pede blandit congue. In scelerisque scelerisque dui. Suspendisse ac metus', NULL, 0, '2019-12-03 10:17:17', '2020-02-14 00:00:00', 1, 2, 3),
(294, 'ante blandit viverra. Donec', 'CD9D133A', 'Mauris Corporation', '8.82', 'et, rutrum eu, ultrices sit amet, risus. Donec nibh enim, gravida sit amet, dapibus id, blandit at, nisi. Cum sociis natoque penatibus et magnis dis parturient montes, nascetur ridiculus mus. Proin vel nisl. Quisque fringilla euismod enim. Etiam gravida molestie arcu. Sed eu nibh vulputate mauris sagittis placerat. Cras dictum ultricies ligula. Nullam enim. Sed nulla ante, iaculis nec, eleifend non, dapibus rutrum, justo. Praesent luctus. Curabitur egestas nunc sed libero. Proin sed turpis nec mauris blandit mattis.', NULL, NULL, '2019-12-03 10:17:17', NULL, 1, 12, 5),
(295, 'Aliquamar', '3AC0C7E', 'Odio Tristique Associates', '4.73', 'is elementum, dui quis', NULL, 0, '2019-12-03 10:17:17', '2020-02-17 00:00:00', 1, 2, 5),
(427, '1080TI', 'GEF1080TI', 'Nvidia', '140.00', 'Grosse cg', NULL, 5, '2020-02-17 00:00:00', NULL, 1, 2, 7),
(296, 'ornare tortor at risus.', '8EECDCDB', 'Ut Odio Incorporated', '8.68', 'urna et arcu imperdiet ullamcorper. Duis at lacus. Quisque purus sapien, gravida non, sollicitudin a, malesuada id, erat. Etiam vestibulum massa rutrum magna. Cras convallis convallis dolor. Quisque tincidunt pede ac urna. Ut tincidunt vehicula risus. Nulla eget metus eu erat semper rutrum. Fusce dolor quam, elementum at, egestas a, scelerisque sed, sapien. Nunc pulvinar arcu et pede. Nunc sed orci lobortis augue scelerisque mollis. Phasellus libero mauris, aliquam eu, accumsan sed, facilisis vitae, orci. Phasellus dapibus quam quis diam. Pellentesque habitant morbi tristique senectus et netus et malesuada fames ac turpis egestas. Fusce aliquet magna a neque. Nullam ut nisi a odio semper cursus. Integer mollis. Integer tincidunt aliquam arcu. Aliquam ultrices iaculis odio. Nam interdum enim non nisi. Aenean eget metus. In nec orci. Donec nibh. Quisque nonummy ipsum non arcu. Vivamus sit amet risus. Donec egestas. Aliquam nec enim. Nunc ut erat. Sed nunc est, mollis non, cursus non, egestas a, dui. Cras pellentesque. Sed dictum. Proin eget odio. Aliquam vulputate ullamcorper magna. Sed eu eros. Nam consequat dolor vitae dolor. Donec fringilla. Donec feugiat metus sit amet ante. Vivamus non', NULL, 0, '2019-12-03 10:17:17', '2020-02-14 00:00:00', 1, 2, 9),
(297, 'arcu a', 'B83C82BE', 'Donec Luctus Corporation', '6.15', 'imperdiet ullamcorper. Duis at lacus. Quisque purus sapien, gravida non, sollicitudin a, malesuada id, erat. Etiam vestibulum massa rutrum magna. Cras convallis convallis dolor. Quisque tincidunt pede ac urna. Ut tincidunt vehicula', NULL, 0, '2019-12-03 10:17:17', '2020-02-14 00:00:00', 1, 2, 3),
(298, 'iaculis quis, pede. Praesent eu', '80EF8AAB', 'Malesuada Vel Limited', '0.84', 'et risus. Quisque libero lacus, varius et, euismod et, commodo at, libero. Morbi accumsan laoreet ipsum. Curabitur consequat, lectus sit amet luctus vulputate, nisi sem semper erat, in consectetuer ipsum nunc id enim. Curabitur massa. Vestibulum accumsan neque et nunc. Quisque ornare tortor at risus. Nunc ac sem ut dolor dapibus', NULL, 0, '2019-12-03 10:17:17', '2020-02-17 00:00:00', 1, 2, 8),
(299, 'nulla vulputate dui,', '850A0C88', 'Non Lacinia At LLP', '5.89', 'eget, dictum placerat, augue. Sed molestie. Sed id risus quis diam luctus lobortis. Class aptent taciti sociosqu ad litora torquent per conubia nostra, per inceptos hymenaeos. Mauris ut quam vel sapien imperdiet ornare. In faucibus. Morbi vehicula. Pellentesque tincidunt tempus risus. Donec egestas. Duis ac arcu. Nunc mauris. Morbi non sapien molestie orci tincidunt adipiscing. Mauris molestie', NULL, 0, '2019-12-03 10:17:17', '2020-02-17 00:00:00', 1, 2, 4),
(300, 'montes, nascetur ridiculus mus. Proin', 'FA650F6D', 'Vulputate Foundation', '8.91', 'purus gravida sagittis. Duis gravida. Praesent eu nulla at sem molestie sodales. Mauris blandit enim consequat purus. Maecenas libero est, congue a, aliquet vel, vulputate eu, odio. Phasellus at augue id ante dictum cursus. Nunc mauris elit, dictum eu, eleifend nec, malesuada ut, sem. Nulla interdum. Curabitur dictum. Phasellus in felis. Nulla tempor augue ac ipsum. Phasellus vitae mauris sit amet lorem semper auctor. Mauris vel turpis. Aliquam adipiscing lobortis risus. In mi pede, nonummy ut, molestie in, tempus eu, ligula. Aenean euismod mauris eu elit. Nulla facilisi. Sed neque. Sed eget lacus. Mauris non dui nec urna suscipit nonummy. Fusce fermentum fermentum arcu. Vestibulum ante ipsum primis in faucibus orci luctus et ultrices posuere cubilia Curae; Phasellus ornare. Fusce mollis. Duis sit amet diam eu dolor egestas rhoncus. Proin nisl sem, consequat nec, mollis vitae, posuere at, velit. Cras lorem lorem, luctus ut, pellentesque eget, dictum placerat, augue. Sed molestie. Sed id risus quis diam luctus lobortis. Class aptent taciti sociosqu ad litora', NULL, 0, '2019-12-03 10:17:17', '2020-02-17 00:00:00', 1, 2, 4),
(301, 'lorem, vehicula et, rutrum eu', '2F8F6D4A', 'Vivamus Nibh Ltd', '3.84', 'eu sem. Pellentesque ut ipsum ac mi eleifend egestas. Sed pharetra, felis eget varius ultrices, mauris ipsum porta elit, a feugiat tellus lorem eu metus. In lorem. Donec elementum, lorem ut aliquam iaculis, lacus pede sagittis augue, eu tempor erat neque non quam. Pellentesque habitant morbi tristique senectus et netus et malesuada fames ac turpis egestas. Aliquam fringilla cursus purus. Nullam scelerisque neque sed sem egestas blandit. Nam nulla magna, malesuada vel, convallis in, cursus et, eros. Proin ultrices. Duis volutpat nunc sit amet metus. Aliquam erat volutpat. Nulla facilisis. Suspendisse commodo tincidunt', NULL, 0, '2019-12-03 10:17:17', '2020-02-17 00:00:00', 1, 2, 7),
(302, 'varius et,', 'E442712B', 'Proin Non Limited', '2.25', 'eu tellus. Phasellus elit pede, malesuada vel, venenatis vel, faucibus id, libero. Donec consectetuer mauris id sapien. Cras dolor dolor, tempus non, lacinia at, iaculis quis, pede. Praesent eu dui. Cum sociis natoque penatibus et magnis dis parturient montes, nascetur ridiculus mus. Aenean eget magna. Suspendisse tristique neque venenatis lacus. Etiam bibendum fermentum metus. Aenean sed pede nec ante blandit viverra. Donec tempus, lorem fringilla ornare placerat, orci lacus vestibulum lorem, sit amet ultricies sem magna nec quam. Curabitur vel lectus. Cum sociis natoque penatibus et magnis dis parturient montes, nascetur ridiculus mus. Donec dignissim magna a tortor. Nunc commodo auctor velit. Aliquam nisl. Nulla eu neque pellentesque massa lobortis ultrices. Vivamus rhoncus. Donec est. Nunc ullamcorper, velit in aliquet lobortis, nisi nibh', NULL, 0, '2019-12-03 10:17:17', '2020-02-19 00:00:00', 1, 2, 5),
(303, 'tellus justo', 'E3CBA271', 'Cras LLP', '9.39', 'Donec felis orci, adipiscing non, luctus sit amet, faucibus ut, nulla. Cras eu tellus eu augue porttitor interdum. Sed auctor odio a purus. Duis elementum, dui quis accumsan convallis, ante lectus convallis est, vitae sodales nisi magna sed dui. Fusce aliquam, enim nec tempus scelerisque, lorem ipsum sodales purus, in molestie tortor nibh sit amet orci. Ut sagittis', NULL, 0, '2019-12-03 10:17:17', '2020-02-17 00:00:00', 1, 2, 4),
(304, 'magna.', '9B4DCE1E', 'Ornare Lectus Associates', '89.54', 'tortor. Nunc commodo auctor velit. Aliquam nisl. Nulla eu neque pellentesque massa lobortis ultrices. Vivamus rhoncus. Donec est. Nunc ullamcorper, velit in aliquet lobortis, nisi nibh lacinia orci, consectetuer euismod est arcu ac orci. Ut semper pretium neque. Morbi quis urna. Nunc quis arcu vel quam dignissim pharetra. Nam ac nulla. In tincidunt congue turpis. In condimentum. Donec at arcu. Vestibulum ante ipsum primis in faucibus orci luctus et ultrices posuere cubilia Curae; Donec tincidunt. Donec vitae erat vel pede blandit congue. In scelerisque scelerisque dui. Suspendisse ac metus vitae velit egestas lacinia. Sed congue, elit sed consequat auctor, nunc nulla vulputate dui, nec tempus mauris erat eget ipsum. Suspendisse sagittis. Nullam vitae diam. Proin dolor. Nulla semper tellus id nunc interdum feugiat. Sed nec metus facilisis lorem tristique aliquet. Phasellus fermentum convallis ligula. Donec luctus aliquet odio. Etiam ligula tortor, dictum eu, placerat eget, venenatis a, magna. Lorem ipsum dolor sit amet, consectetuer adipiscing elit. Etiam laoreet, libero et tristique pellentesque, tellus', NULL, 0, '2019-12-03 10:17:17', '2020-02-17 00:00:00', 1, 2, 1),
(305, 'magnis', '33EE17A7', 'Nibh Enim Associates', '5.90', 'eu tellus eu augue porttitor interdum. Sed auctor odio a purus. Duis elementum, dui quis accumsan convallis, ante lectus convallis est, vitae sodales nisi magna sed dui. Fusce aliquam, enim nec tempus ', NULL, 0, '2019-12-03 10:17:17', '2020-02-17 00:00:00', 1, 2, 9),
(306, 'Nullam scelerisque', '4CE2BD62', 'Nec Euismod Ltd', '4.27', 'mus. Proin vel arcu eu odio tristique pharetra. Quisque ac libero nec ligula consectetuer rhoncus. Nullam velit dui, semper et, lacinia vitae, sodales at, velit. Pellentesque ultricies dignissim lacus. Aliquam rutrum lorem ac risus. Morbi metus. Vivamus euismod urna. Nullam lobortis quam a felis ullamcorper viverra. Maecenas iaculis aliquet diam. Sed diam lorem, auctor quis, tristique ac, eleifend vitae, erat. Vivamus nisi. Mauris nulla. Integer urna. Vivamus molestie dapibus ligula. Aliquam erat volutpat. Nulla dignissim. Maecenas ornare egestas ligula. Nullam feugiat placerat velit. Quisque varius. Nam porttitor scelerisque neque. Nullam nisl. Maecenas malesuada fringilla est. Mauris eu turpis. Nulla aliquet. Proin velit. Sed malesuada augue ut lacus. Nulla tincidunt, neque vitae semper egestas, urna justo faucibus lectus, a sollicitudin orci sem eget massa. Suspendisse eleifend. Cras sed leo. Cras vehicula aliquet libero. Integer in magna. Phasellus dolor elit, pellentesque a, facilisis non, bibendum sed, est. Nunc laoreet lectus quis massa. Mauris vestibulum, neque sed dictum eleifend, nunc risus varius orci, in consequat enim diam vel arcu. Curabitur ut odio vel est tempor bibendum. Donec felis orci, adipiscing non, luctus sit amet, faucibus ut, nulla. Cras eu tellus eu augue porttitor interdum. Sed auctor odio a purus. Duis elementum, dui quis accumsan convallis, ante lectus convallis est, vitae sodales nisi magna sed dui. Fusce aliquam, enim nec tempus scelerisque, lorem ipsum sodales purus, in molestie tortor nibh sit amet orci. Ut', NULL, 0, '2019-12-03 10:17:17', '2020-02-17 00:00:00', 1, 2, 7),
(307, 'diam lorem, auctor', 'BE7ADFD5', 'Sit Incorporated', '5.70', 'in, cursus et, eros. Proin ultrices. Duis volutpat nunc sit amet metus. Aliquam erat volutpat. Nulla facilisis. Suspendisse commodo tincidunt nibh. Phasellus nulla. Integer vulputate, risus a ultricies adipiscing, enim mi tempor lorem, eget mollis lectus pede et risus. Quisque libero lacus, varius et, euismod et, commodo at, libero. Morbi accumsan laoreet ipsum. Curabitur consequat, lectus sit amet luctus vulputate, nisi sem semper erat, in consectetuer ipsum nunc id enim. Curabitur massa. Vestibulum accumsan neque et nunc. Quisque ornare tortor at risus. Nunc ac sem ut dolor dapibus gravida. Aliquam tincidunt, nunc ac mattis ornare, lectus ante dictum mi, ac mattis velit justo nec ante. Maecenas mi felis, adipiscing fringilla, porttitor vulputate, posuere vulputate, lacus. Cras interdum. Nunc sollicitudin commodo', NULL, 0, '2019-12-03 10:17:17', '2020-02-18 00:00:00', 1, 2, 3),
(308, 'est', 'A9BFC628', 'Adipiscing Lobortis Foundation', '4.07', 'egestas. Sed pharetra, felis eget varius ultrices, mauris ipsum porta elit, a feugiat tellus lorem eu metus. In lorem. Donec elementum, lorem ut aliquam iaculis, lacus pede sagittis augue, eu tempor erat neque non quam. Pellentesque habitant morbi tristique senectus et netus et malesuada fames ac turpis egestas. Aliquam fringilla cursus purus. Nullam scelerisque neque sed sem egestas blandit. Nam nulla magna, malesuada vel, convallis in, cursus et, eros. Proin ultrices. Duis volutpat nunc sit amet metus. Aliquam erat volutpat. Nulla facilisis. Suspendisse commodo tincidunt nibh. Phasellus nulla. Integer vulputate, risus a ultricies adipiscing, enim mi tempor lorem, eget mollis lectus pede et risus. Quisque libero lacus, varius et, euismod et, commodo at, libero. Morbi accumsan laoreet ipsum. Curabitur consequat, lectus sit amet luctus vulputate, nisi sem semper erat, in consectetuer ipsum nunc id enim. Curabitur massa. Vestibulum accumsan neque et nunc. Quisque ornare tortor at risus. Nunc ac sem ut dolor dapibus gravida. Aliquam tincidunt, nunc ac mattis ornare, lectus ante dictum mi, ac mattis velit justo nec ante. Maecenas mi felis, adipiscing fringilla, porttitor vulputate, posuere vulputate, lacus. Cras interdum. Nunc sollicitudin commodo ipsum. Suspendisse non leo. Vivamus nibh dolor, nonummy ac, feugiat non, lobortis quis, pede. Suspendisse dui. Fusce diam nunc, ullamcorper eu, euismod ac, fermentum vel, mauris. Integer sem elit, pharetra ut, pharetra sed, hendrerit a, arcu. Sed et libero. Proin mi. Aliquam gravida', NULL, NULL, '2019-12-03 10:17:17', NULL, 1, 10, 10),
(309, 'euismod est', '63E1D526', 'Nunc Nulla Corp.', '3.61', 'fames ac turpis egestas. Fusce aliquet magna a neque. Nullam ut nisi a odio semper cursus. Integer mollis. Integer tincidunt aliquam arcu. Aliquam ultrices iaculis odio. Nam interdum enim non nisi. Aenean eget metus. In nec orci. Donec nibh. Quisque nonummy ipsum', NULL, 0, '2019-12-03 10:17:17', '2020-02-17 00:00:00', 1, 2, 10),
(311, 'urna convallis', 'A818262B', 'Ac Arcu Industries', '3.86', 'Cum sociis natoque penatibus et magnis dis parturient montes, nascetur ridiculus mus. Proin vel nisl. Quisque fringilla euismod enim. Etiam gravida molestie arcu. Sed eu nibh vulputate mauris sagittis placerat. Cras dictum ultricies ligula. Nullam enim. Sed nulla ante, iaculis nec, eleifend non, dapibus rutrum, justo. Praesent luctus. Curabitur egestas nunc sed libero. Proin sed turpis nec mauris blandit mattis. Cras eget nisi dictum augue malesuada malesuada. Integer id magna et ipsum cursus vestibulum. Mauris magna. Duis dignissim tempor arcu. Vestibulum ut eros non enim commodo hendrerit. Donec porttitor tellus non magna. Nam ligula elit, pretium et, rutrum non, hendrerit id, ante. Nunc mauris sapien, cursus in, hendrerit consectetuer, cursus et, magna. Praesent interdum ligula eu enim. Etiam imperdiet', NULL, 0, '2019-12-03 10:17:18', '2020-02-17 00:00:00', 1, 2, 5),
(312, 'dignissim. Maecenas ornare egestas', '02FDA920', 'Vestibulum Associates', '4.73', 'Nam ligula elit, pretium et, rutrum non, hendrerit id, ante. Nunc mauris sapien, cursus in, hendrerit consectetuer, cursus et, magna. Praesent', NULL, 0, '2019-12-03 10:17:18', '2020-02-14 00:00:00', 1, 2, 7),
(314, 'pulvinar arcu', '67E896D4', 'Ante Limited', '4.28', 'dapibus rutrum, justo. Praesent luctus. Curabitur egestas nunc sed libero. Proin sed turpis nec mauris blandit mattis. Cras eget nisi dictum augue malesuada malesuada. Integer id magna et ipsum cursus vestibulum. Mauris magna. Duis dignissim tempor arcu. Vestibulum ut eros non enim commodo hendrerit. Donec porttitor tellus non magna. Nam ligula elit, pretium et, rutrum non, hendrerit id, ante. Nunc mauris sapien, cursus in, hendrerit consectetuer, cursus et, magna. Praesent interdum ligula eu enim. Etiam imperdiet dictum magna. Ut tincidunt orci quis lectus. Nullam suscipit, est ac facilisis facilisis, magna tellus faucibus leo, in lobortis tellus justo sit amet nulla. Donec non justo. Proin non massa non ante bibendum ullamcorper. Duis cursus, diam at pretium aliquet, metus urna convallis erat, eget tincidunt dui augue eu tellus. Phasellus elit pede, malesuada vel, venenatis vel, faucibus id, libero.', NULL, 1, '2019-12-03 10:17:18', '2020-02-17 00:00:00', 1, 2, 5),
(316, 'ut', 'E194FA83', 'Tincidunt Adipiscing Associates', '9.08', 'tortor. Nunc commodo auctor velit. Aliquam nisl. Nulla eu neque pellentesque massa lobortis ultrices. Vivamus rhoncus. Donec est. Nunc ullamcorper, velit in aliquet lobortis, nisi nibh lacinia orci, consectetuer euismod est arcu ac orci. Ut semper pretium neque.', NULL, NULL, '2019-12-03 10:17:18', NULL, 1, 8, 3),
(317, 'quis', '6450403A', 'Adipiscing Elit Curabitur LLC', '7.12', 'porttitor vulputate, posuere vulputate, lacus. Cras interdum. Nunc sollicitudin commodo ipsum. Suspendisse non leo. Vivamus nibh dolor, nonummy ac, feugiat non, lobortis quis, pede. Suspendisse dui. Fusce diam nunc, ullamcorper eu, euismod ac, fermentum vel, mauris. Integer sem elit, pharetra ut, pharetra sed, hendrerit a, arcu. Sed et libero. Proin mi. Aliquam gravida mauris ut mi. Duis risus odio, auctor vitae, aliquet nec,', NULL, NULL, '2019-12-03 10:17:18', NULL, 1, 8, 10),
(318, 'a, enim. Suspendisse', 'F273BA95', 'Non LLC', '6.75', 'commodo tincidunt nibh. Phasellus nulla. Integer vulputate, risus a ultricies adipiscing, enim mi tempor lorem, eget mollis lectus pede et risus. Quisque libero lacus, varius et, euismod et, commodo at, libero. Morbi accumsan laoreet ipsum. Curabitur consequat, lectus sit amet luctus vulputate, nisi sem semper erat, in consectetuer', NULL, NULL, '2019-12-03 10:17:18', NULL, 1, 0, 5),
(319, 'lorem,', '374CB77F', 'Blandit At Nisi Limited', '0.96', 'sodales purus, in molestie tortor nibh sit amet orci. Ut sagittis lobortis mauris. Suspendisse aliquet molestie tellus. Aenean egestas hendrerit neque. In ornare sagittis felis. Donec tempor, est ac mattis semper, dui lectus rutrum urna, nec luctus felis purus ac tellus. Suspendisse sed dolor. Fusce mi lorem, vehicula et, rutrum eu, ultrices sit amet, risus. Donec nibh enim, gravida', NULL, NULL, '2019-12-03 10:17:18', NULL, 1, 11, 6),
(320, 'sagittis augue, eu', '586F1901', 'Quisque Imperdiet Erat Limited', '3.13', 'Nullam suscipit, est ac facilisis facilisis, magna tellus faucibus leo, in lobortis tellus justo sit amet nulla. Donec non justo. Proin non massa non ante bibendum ullamcorper. Duis cursus, diam at pretium aliquet, metus urna convallis erat, eget tincidunt dui augue eu tellus. Phasellus elit pede, malesuada vel, venenatis vel, faucibus id, libero. Donec consectetuer mauris id sapien. Cras dolor dolor, tempus non, lacinia at, iaculis quis, pede. Praesent eu dui. Cum sociis natoque penatibus et magnis dis parturient montes, nascetur ridiculus mus. Aenean eget magna. Suspendisse tristique neque venenatis lacus. Etiam bibendum fermentum metus. Aenean sed pede nec ante blandit viverra. Donec tempus, lorem fringilla ornare placerat, orci lacus vestibulum lorem, sit amet ultricies sem magna nec quam. Curabitur vel lectus. Cum sociis natoque penatibus et magnis dis parturient montes, nascetur ridiculus mus. Donec dignissim magna a tortor. Nunc commodo auctor velit. Aliquam nisl. Nulla eu neque pellentesque massa lobortis ultrices. Vivamus rhoncus. Donec est. Nunc ullamcorper, velit in aliquet lobortis, nisi nibh lacinia orci, consectetuer euismod est arcu ac orci. Ut semper pretium neque. Morbi', NULL, NULL, '2019-12-03 10:17:18', NULL, 1, 5, 10),
(321, 'velit. Aliquam nisl.', 'DA499975', 'Imperdiet Consulting', '5.03', 'tellus non magna. Nam ligula elit, pretium et, rutrum non, hendrerit id, ante. Nunc mauris sapien, cursus in, hendrerit consectetuer, cursus et, magna. Praesent interdum ligula eu enim. Etiam imperdiet dictum magna. Ut tincidunt orci quis lectus. Nullam suscipit, est ac facilisis facilisis, magna tellus faucibus leo, in lobortis tellus justo sit amet nulla. Donec non justo. Proin non massa non ante bibendum ullamcorper. Duis cursus, diam at pretium aliquet, metus urna convallis erat, eget tincidunt dui augue eu tellus. Phasellus elit pede, malesuada vel, venenatis vel,', NULL, NULL, '2019-12-03 10:17:18', NULL, 1, 14, 2),
(324, 'tellus. Suspendisse sed', 'B4143C96', 'Blandit Enim Consequat Industries', '4.44', 'iaculis aliquet diam. Sed diam lorem, auctor quis, tristique ac, eleifend vitae, erat. Vivamus nisi. Mauris nulla. Integer urna. Vivamus molestie dapibus ligula. Aliquam erat volutpat. Nulla dignissim. Maecenas ornare egestas ligula. Nullam feugiat placerat velit. Quisque varius. Nam porttitor scelerisque neque. Nullam nisl. Maecenas malesuada fringilla est. Mauris eu turpis. Nulla aliquet. Proin velit. Sed malesuada augue ut lacus. Nulla tincidunt, neque vitae semper egestas, urna justo faucibus lectus, a sollicitudin orci sem eget massa. Suspendisse eleifend. Cras sed leo. Cras vehicula aliquet libero. Integer in magna. Phasellus dolor elit, pellentesque a, facilisis non, bibendum sed, est. Nunc laoreet lectus quis massa. Mauris vestibulum, neque sed dictum eleifend, nunc risus varius orci, in consequat enim diam vel arcu. Curabitur ut odio vel est tempor bibendum. Donec felis orci, adipiscing non, luctus sit amet, faucibus ut, nulla. Cras eu tellus eu augue porttitor interdum. Sed auctor odio a purus. Duis elementum, dui quis accumsan convallis, ante lectus convallis est, vitae sodales nisi magna sed dui. Fusce aliquam, enim nec tempus scelerisque, lorem ipsum sodales purus, in molestie tortor nibh sit amet orci. Ut sagittis lobortis mauris. Suspendisse aliquet molestie tellus. Aenean egestas hendrerit neque. In ornare sagittis felis. Donec tempor, est ac mattis semper, dui', NULL, NULL, '2019-12-03 10:17:18', NULL, 1, 1, 3),
(325, 'quam,', '0043B007', 'At Sem Molestie Incorporated', '1.71', '', NULL, 0, '2019-12-03 10:17:18', '2020-02-13 00:00:00', 1, 2, 6),
(326, 'Sed id risus quis', 'F8F2B290', 'Dapibus Rutrum Justo Company', '7.46', 'tellus eu augue porttitor interdum. Sed auctor odio a purus. Duis elementum, dui quis accumsan convallis, ante lectus convallis est, vitae sodales nisi magna sed dui. Fusce aliquam, enim nec tempus scelerisque, lorem ipsum sodales purus, in molestie tortor nibh sit amet', NULL, NULL, '2019-12-03 10:17:18', NULL, 1, 4, 1),
(327, 'lacinia mattis. Integer eu lacus.', '32437927', 'Malesuada Consulting', '8.88', 'lectus pede, ultrices a, auctor non, feugiat nec, diam. Duis mi enim, condimentum eget, volutpat ornare, facilisis eget, ipsum. Donec sollicitudin adipiscing ligula. Aenean gravida nunc sed pede. Cum sociis natoque penatibus et magnis dis parturient montes, nascetur ridiculus mus. Proin vel arcu eu odio tristique pharetra. Quisque ac libero nec ligula consectetuer rhoncus. Nullam velit dui, semper et, lacinia vitae, sodales at, velit. Pellentesque ultricies dignissim lacus. Aliquam rutrum lorem ac risus. Morbi metus. Vivamus euismod urna. Nullam lobortis quam a felis ullamcorper viverra. Maecenas iaculis aliquet diam. Sed diam lorem, auctor quis, tristique ac, eleifend vitae, erat. Vivamus nisi. Mauris nulla. Integer urna. Vivamus molestie dapibus ligula. Aliquam erat volutpat. Nulla dignissim. Maecenas ornare egestas ligula. Nullam feugiat placerat velit. Quisque varius. Nam porttitor', NULL, NULL, '2019-12-03 10:17:18', NULL, 1, 1, 3),
(328, 'Suspendisse commodo', 'E7CB0F79', 'Ornare Facilisis PC', '0.92', 'sem magna nec quam. Curabitur vel lectus. Cum sociis natoque penatibus et magnis dis parturient montes, nascetur ridiculus mus. Donec dignissim magna a tortor. Nunc commodo auctor velit. Aliquam nisl. Nulla eu neque pellentesque massa lobortis ultrices. Vivamus rhoncus. Donec est. Nunc ullamcorper, velit in aliquet lobortis, nisi nibh lacinia orci, consectetuer euismod est arcu ac orci. Ut semper pretium neque. Morbi quis urna. Nunc quis arcu vel quam dignissim pharetra. Nam ac nulla. In tincidunt congue turpis. In condimentum. Donec at arcu. Vestibulum ante ipsum primis in faucibus orci luctus et ultrices posuere cubilia Curae; Donec tincidunt. Donec vitae erat vel pede blandit congue. In scelerisque scelerisque dui. Suspendisse ac metus vitae velit egestas lacinia. Sed', NULL, NULL, '2019-12-03 10:17:18', NULL, 1, 11, 7),
(329, 'scelerisque sed,', '35382514', 'Dolor Nonummy Inc.', '1.14', 'tellus lorem eu metus. In lorem. Donec elementum, lorem ut aliquam iaculis, lacus pede sagittis augue, eu tempor erat neque non quam. Pellentesque habitant morbi tristique senectus et netus et malesuada fames ac turpis egestas. Aliquam fringilla cursus purus. Nullam scelerisque neque sed sem egestas blandit. Nam nulla magna, malesuada', NULL, NULL, '2019-12-03 10:17:18', NULL, 1, 11, 6),
(330, 'tempor augue ac ipsum. Phasellus', 'A6266327', 'Nullam Enim LLC', '4.47', 'diam. Sed diam lorem, auctor quis, tristique ac, eleifend vitae, erat. Vivamus nisi. Mauris nulla. Integer urna. Vivamus molestie dapibus ligula. Aliquam erat volutpat. Nulla dignissim. Maecenas ornare egestas ligula. Nullam feugiat placerat velit. Quisque varius. Nam porttitor scelerisque neque. Nullam nisl. Maecenas malesuada fringilla est. Mauris eu turpis. Nulla aliquet. Proin velit. Sed malesuada augue ut lacus. Nulla', NULL, NULL, '2019-12-03 10:17:18', NULL, 1, 15, 9),
(331, 'magnis dis parturient montes, nascetur', 'BA04E31B', 'Tempus Eu Ligula Corporation', '9.32', 'dictum augue malesuada malesuada. Integer id magna et ipsum cursus vestibulum. Mauris magna. Duis dignissim tempor arcu. Vestibulum ut eros non enim commodo hendrerit. Donec porttitor tellus non magna. Nam ligula elit, pretium et, rutrum non, hendrerit id, ante. Nunc mauris sapien, cursus in, hendrerit consectetuer, cursus et, magna. Praesent interdum ligula eu enim. Etiam imperdiet dictum magna. Ut tincidunt orci quis lectus. Nullam suscipit, est ac facilisis facilisis, magna tellus faucibus leo, in lobortis tellus justo sit amet nulla. Donec non justo. Proin non massa non ante bibendum ullamcorper. Duis cursus, diam at pretium aliquet, metus urna convallis erat, eget tincidunt dui augue eu tellus. Phasellus elit pede, malesuada vel, venenatis vel, faucibus id, libero. Donec consectetuer mauris id sapien. Cras dolor dolor, tempus non, lacinia at, iaculis quis, pede. Praesent eu dui. Cum sociis natoque penatibus et magnis dis parturient montes, nascetur ridiculus mus. Aenean eget magna. Suspendisse tristique neque venenatis lacus. Etiam bibendum fermentum metus. Aenean sed pede nec ante blandit viverra. Donec tempus, lorem fringilla ornare placerat, orci lacus vestibulum lorem, sit amet ultricies sem magna nec quam. Curabitur vel lectus. Cum sociis natoque penatibus et magnis dis parturient montes, nascetur ridiculus mus. Donec dignissim magna a tortor. Nunc commodo auctor velit. Aliquam nisl. Nulla eu neque pellentesque massa lobortis ultrices. Vivamus rhoncus. Donec est. Nunc ullamcorper, velit in aliquet lobortis, nisi nibh lacinia orci, consectetuer euismod est arcu ac orci. Ut', NULL, NULL, '2019-12-03 10:17:18', NULL, 1, 10, 8),
(332, 'aliquet lobortis, nisi', 'CFE6DC55', 'Luctus Felis Purus Industries', '2.11', 'dolor sit amet, consectetuer adipiscing elit. Etiam laoreet, libero et tristique pellentesque, tellus sem mollis dui, in sodales elit erat vitae risus. Duis a mi fringilla mi lacinia mattis. Integer eu lacus. Quisque imperdiet, erat nonummy ultricies ornare, elit elit fermentum risus, at fringilla purus mauris a nunc. In', NULL, NULL, '2019-12-03 10:17:18', NULL, 1, 1, 3),
(333, 'at fringilla purus mauris', '1B94FA91', 'Tempus Limited', '2.03', 'at pede. Cras vulputate velit eu sem. Pellentesque ut ipsum ac mi eleifend egestas. Sed pharetra, felis eget varius ultrices, mauris ipsum porta elit, a feugiat tellus lorem eu metus. In lorem. Donec elementum, lorem ut aliquam iaculis, lacus pede sagittis augue, eu tempor erat neque non quam. Pellentesque habitant morbi tristique senectus et netus et malesuada fames ac turpis egestas. Aliquam fringilla cursus purus. Nullam scelerisque neque sed sem egestas blandit. Nam nulla magna, malesuada vel, convallis in, cursus et, eros. Proin ultrices. Duis volutpat nunc sit amet metus. Aliquam erat volutpat. Nulla facilisis. Suspendisse commodo tincidunt nibh. Phasellus nulla. Integer vulputate, risus a ultricies adipiscing, enim mi tempor lorem, eget mollis lectus pede et risus. Quisque libero lacus, varius et, euismod et, commodo at, libero. Morbi accumsan laoreet ipsum. Curabitur consequat, lectus sit amet luctus vulputate, nisi sem semper erat, in consectetuer ipsum nunc id enim. Curabitur massa. Vestibulum accumsan neque et nunc. Quisque ornare tortor at risus. Nunc ac sem ut', NULL, NULL, '2019-12-03 10:17:18', NULL, 1, 6, 8),
(334, 'mauris id', '45149812', 'Eu Dui Cum Foundation', '6.74', 'elementum at, egestas a, scelerisque sed, sapien. Nunc pulvinar arcu et pede. Nunc sed orci lobortis augue scelerisque mollis. Phasellus libero mauris, aliquam eu, accumsan sed, facilisis vitae, orci. Phasellus dapibus quam quis diam. Pellentesque habitant morbi tristique senectus et netus et malesuada fames ac turpis egestas. Fusce aliquet magna a neque. Nullam ut nisi a odio semper cursus. Integer mollis. Integer tincidunt aliquam arcu. Aliquam ultrices iaculis odio. Nam interdum enim non nisi. Aenean eget metus. In nec orci. Donec nibh. Quisque nonummy ipsum non arcu. Vivamus sit amet risus. Donec egestas. Aliquam nec enim. Nunc ut erat. Sed nunc est, mollis non, cursus non, egestas a, dui. Cras pellentesque. Sed dictum. Proin eget odio. Aliquam vulputate ullamcorper magna. Sed eu eros. Nam consequat dolor vitae dolor. Donec fringilla. Donec feugiat metus sit amet ante. Vivamus non lorem vitae odio', NULL, NULL, '2019-12-03 10:17:18', NULL, 1, 0, 7),
(335, 'tristique neque venenatis', 'D3694E59', 'Duis Ltd', '8.05', 'luctus et ultrices posuere cubilia Curae; Phasellus ornare. Fusce mollis. Duis sit amet diam eu dolor egestas rhoncus. Proin nisl sem, consequat nec, mollis vitae, posuere at, velit. Cras lorem lorem, luctus ut, pellentesque eget, dictum placerat, augue. Sed molestie. Sed id risus quis diam luctus lobortis. Class aptent taciti sociosqu ad litora torquent per conubia nostra, per inceptos hymenaeos. Mauris ut quam vel sapien imperdiet ornare. In faucibus. Morbi vehicula. Pellentesque tincidunt tempus risus. Donec egestas. Duis ac arcu. Nunc mauris. Morbi non sapien molestie orci tincidunt adipiscing. Mauris molestie pharetra nibh. Aliquam ornare, libero at auctor ullamcorper, nisl arcu iaculis enim, sit amet ornare lectus justo eu arcu. Morbi sit amet massa. Quisque porttitor eros nec tellus. Nunc lectus pede, ultrices a, auctor non, feugiat nec, diam. Duis mi', NULL, NULL, '2019-12-03 10:17:18', NULL, 1, 14, 4),
(336, 'hendrerit consectetuer, cursus', 'CBEDE71E', 'Mi Eleifend Incorporated', '1.05', 'Etiam gravida molestie arcu. Sed eu nibh vulputate mauris sagittis placerat. Cras dictum ultricies ligula. Nullam enim. Sed nulla ante, iaculis nec, eleifend non, dapibus rutrum, justo. Praesent luctus. Curabitur egestas nunc sed libero. Proin sed turpis nec mauris blandit mattis. Cras eget nisi dictum augue malesuada malesuada. Integer id magna et ipsum cursus vestibulum. Mauris magna. Duis dignissim tempor arcu. Vestibulum ut eros non enim commodo hendrerit. Donec porttitor tellus non magna. Nam ligula elit, pretium et, rutrum non, hendrerit id, ante. Nunc mauris sapien, cursus in, hendrerit consectetuer, cursus et, magna. Praesent interdum ligula eu enim. Etiam imperdiet dictum magna. Ut tincidunt orci quis lectus. Nullam suscipit, est ac facilisis facilisis, magna tellus faucibus leo, in lobortis tellus justo sit amet nulla. Donec non justo. Proin non massa non ante bibendum ullamcorper. Duis cursus, diam at pretium aliquet, metus urna convallis erat, eget tincidunt dui augue eu tellus. Phasellus elit pede, malesuada vel, venenatis vel, faucibus id, libero. Donec consectetuer mauris id sapien. Cras dolor dolor, tempus non, lacinia at, iaculis quis, pede. Praesent eu dui. Cum sociis natoque penatibus et magnis dis parturient montes, nascetur ridiculus mus. Aenean eget magna. Suspendisse tristique neque venenatis lacus. Etiam bibendum fermentum metus. Aenean sed pede nec ante blandit viverra. Donec tempus, lorem fringilla ornare placerat, orci lacus vestibulum lorem, sit amet ultricies sem magna nec quam. Curabitur vel lectus. Cum sociis natoque penatibus et magnis', NULL, NULL, '2019-12-03 10:17:18', NULL, 1, 11, 10),
(338, 'rutrum. Fusce', '451D16DA', 'Accumsan Neque Et LLP', '8.21', 'eu nulla at sem molestie sodales. Mauris blandit enim consequat purus. Maecenas libero est, congue a, aliquet vel, vulputate eu, odio. Phasellus at augue id ante dictum cursus. Nunc mauris elit, dictum eu, eleifend nec, malesuada ut, sem. Nulla interdum. Curabitur dictum. Phasellus in felis. Nulla tempor augue ac ipsum. Phasellus vitae mauris sit amet lorem semper auctor. Mauris vel turpis. Aliquam adipiscing lobortis risus. In mi pede, nonummy ut, molestie in, tempus eu, ligula. Aenean euismod mauris eu elit. Nulla facilisi. Sed neque. Sed eget lacus. Mauris non dui nec urna suscipit nonummy. Fusce fermentum fermentum arcu. Vestibulum ante ipsum primis in faucibus orci luctus et ultrices posuere cubilia Curae; Phasellus ornare. Fusce mollis. Duis sit amet diam eu dolor egestas rhoncus. Proin nisl sem, consequat nec, mollis vitae, posuere at, velit. Cras lorem lorem, luctus ut, pellentesque eget, dictum placerat, augue. Sed molestie. Sed id risus quis diam luctus lobortis. Class aptent taciti sociosqu ad litora torquent per conubia nostra, per inceptos hymenaeos. Mauris ut quam vel sapien imperdiet ornare. In faucibus. Morbi vehicula. Pellentesque tincidunt tempus risus. Donec egestas. Duis ac arcu. Nunc mauris. Morbi non sapien molestie orci tincidunt adipiscing. Mauris molestie pharetra nibh. Aliquam ornare, libero at auctor ullamcorper, nisl arcu iaculis enim, sit amet ornare lectus justo eu arcu. Morbi sit amet massa. Quisque porttitor eros nec tellus. Nunc lectus pede, ultrices a, auctor non, feugiat', NULL, NULL, '2019-12-03 10:17:18', NULL, 1, 13, 3),
(339, 'mollis', '250D9AE6', 'Phasellus In Felis Industries', '1.81', 'Aenean sed pede nec ante blandit viverra. Donec tempus, lorem fringilla ornare placerat, orci lacus vestibulum lorem, sit amet ultricies sem magna nec quam. Curabitur vel lectus. Cum sociis natoque penatibus et magnis dis parturient montes, nascetur ridiculus mus. Donec dignissim magna a tortor. Nunc commodo auctor velit. Aliquam nisl. Nulla eu neque pellentesque massa lobortis ultrices. Vivamus rhoncus. Donec est. Nunc ullamcorper, velit in aliquet lobortis, nisi nibh lacinia orci, consectetuer euismod est arcu ac orci. Ut semper pretium neque. Morbi quis urna. Nunc quis arcu vel quam dignissim pharetra. Nam ac nulla. In tincidunt congue turpis. In condimentum. Donec at arcu. Vestibulum ante ipsum primis in faucibus orci luctus et ultrices posuere cubilia Curae; Donec tincidunt. Donec', NULL, 0, '2019-12-03 10:17:18', '2020-02-13 00:00:00', 1, 2, 1),
(340, 'tortor. Nunc commodo', '1B8E53A3', 'Nec Imperdiet Limited', '5.41', 'risus. Morbi metus. Vivamus euismod urna. Nullam lobortis quam a felis ullamcorper viverra. Maecenas iaculis aliquet diam. Sed diam lorem, auctor quis, tristique ac, eleifend vitae, erat. Vivamus nisi. Mauris nulla. Integer urna. Vivamus molestie dapibus ligula. Aliquam erat volutpat. Nulla dignissim. Maecenas ornare egestas ligula. Nullam feugiat placerat velit. Quisque varius. Nam porttitor scelerisque neque. Nullam nisl. Maecenas malesuada fringilla est. Mauris eu turpis. Nulla aliquet. Proin velit. Sed malesuada augue ut lacus. Nulla tincidunt, neque vitae semper egestas, urna justo faucibus lectus, a sollicitudin orci sem eget massa. Suspendisse eleifend. Cras sed leo. Cras vehicula aliquet libero. Integer in magna. Phasellus dolor elit, pellentesque a, facilisis non, bibendum sed, est. Nunc laoreet lectus quis massa. Mauris vestibulum, neque sed dictum eleifend, nunc risus varius orci, in consequat enim diam vel', NULL, NULL, '2019-12-03 10:17:18', NULL, 1, 3, 6),
(341, 'dis parturient montes,', '8BE9138A', 'Nullam Velit Inc.', '8.23', 'felis orci, adipiscing non, luctus sit amet, faucibus ut, nulla. Cras eu tellus eu augue porttitor interdum. Sed auctor odio a purus. Duis elementum, dui quis accumsan convallis, ante lectus convallis est, vitae sodales nisi magna sed dui. Fusce aliquam, enim nec tempus scelerisque, lorem ipsum sodales purus, in molestie tortor nibh sit amet orci. Ut sagittis lobortis mauris. Suspendisse aliquet molestie tellus. Aenean egestas hendrerit neque. In ornare sagittis felis. Donec tempor, est ac mattis semper, dui lectus rutrum urna, nec luctus felis purus ac tellus. Suspendisse sed dolor. Fusce mi lorem, vehicula et, rutrum eu, ultrices sit amet, risus. Donec nibh enim, gravida sit amet, dapibus id, blandit at, nisi. Cum sociis natoque penatibus et magnis dis parturient montes, nascetur ridiculus mus. Proin vel nisl. Quisque fringilla euismod enim. Etiam gravida molestie arcu. Sed eu nibh vulputate mauris sagittis placerat. Cras', NULL, 0, '2019-12-03 10:17:18', '2020-02-13 00:00:00', 1, 2, 9),
(342, 'ipsum. Curabitur', 'D0C8EB18', 'Orci Luctus Et Company', '5.90', 'Integer mollis. Integer tincidunt aliquam arcu. Aliquam ultrices iaculis odio. Nam interdum enim non nisi. Aenean eget metus. In nec orci. Donec nibh. Quisque nonummy ipsum non arcu. Vivamus sit amet risus. Donec egestas. Aliquam nec enim. Nunc ut erat. Sed nunc est, mollis non, cursus non, egestas a, dui. Cras pellentesque. Sed dictum. Proin eget odio. Aliquam vulputate ullamcorper magna. Sed eu eros. Nam consequat dolor vitae dolor. Donec fringilla. Donec feugiat metus sit amet ante. Vivamus non lorem vitae odio sagittis semper. Nam tempor diam dictum sapien. Aenean massa. Integer vitae nibh. Donec est mauris, rhoncus id, mollis nec, cursus a, enim. Suspendisse aliquet, sem ut cursus luctus, ipsum leo elementum sem, vitae aliquam eros turpis non enim. Mauris quis turpis vitae purus gravida sagittis. Duis gravida. Praesent eu nulla at sem molestie sodales. Mauris blandit enim consequat purus. Maecenas libero est, congue a, aliquet vel, vulputate eu, odio. Phasellus at augue id ante dictum cursus. Nunc mauris elit, dictum eu, eleifend nec, malesuada ut, sem. Nulla interdum. Curabitur dictum. Phasellus in felis. Nulla', NULL, NULL, '2019-12-03 10:17:18', NULL, 1, 6, 4),
(343, 'iaculis, lacus pede sagittis', '98978F5E', 'Neque Morbi Quis LLC', '2.03', 'Proin dolor. Nulla semper tellus id nunc interdum feugiat. Sed nec metus facilisis lorem tristique aliquet. Phasellus fermentum convallis ligula. Donec luctus aliquet odio. Etiam ligula tortor, dictum eu, placerat eget, venenatis a, magna. Lorem ipsum dolor sit amet, consectetuer adipiscing elit. Etiam laoreet, libero et tristique pellentesque, tellus sem', NULL, NULL, '2019-12-03 10:17:18', NULL, 1, 15, 9),
(344, 'sit', 'BEAE4421', 'Maecenas Ornare Corp.', '2.69', 'Nunc mauris elit, dictum eu, eleifend nec, malesuada ut, sem. Nulla interdum. Curabitur dictum. Phasellus in felis. Nulla tempor augue ac ipsum. Phasellus vitae mauris sit amet lorem', NULL, NULL, '2019-12-03 10:17:18', NULL, 1, 2, 9),
(345, 'tincidunt, nunc ac mattis ornare,', '5544C8D1', 'Dolor Quam LLP', '2.49', 'urna, nec luctus felis purus ac tellus. Suspendisse sed dolor. Fusce mi lorem, vehicula et, rutrum eu, ultrices sit amet, risus. Donec nibh enim, gravida sit amet, dapibus id, blandit at, nisi. Cum sociis natoque penatibus et magnis dis parturient montes, nascetur ridiculus mus. Proin vel nisl. Quisque fringilla euismod enim. Etiam gravida molestie arcu. Sed eu nibh vulputate mauris sagittis placerat. Cras dictum ultricies ligula. Nullam enim. Sed nulla ante, iaculis nec, eleifend non, dapibus rutrum,', NULL, NULL, '2019-12-03 10:17:18', NULL, 1, 13, 7),
(346, 'convallis dolor. Quisque tincidunt pede', 'FFBD147C', 'Suspendisse Institute', '8.23', 'eget, dictum placerat, augue. Sed molestie. Sed id risus quis diam luctus lobortis. Class aptent taciti sociosqu ad litora torquent per conubia nostra, per inceptos hymenaeos. Mauris ut quam vel sapien imperdiet ornare. In faucibus. Morbi vehicula. Pellentesque tincidunt tempus risus. Donec egestas. Duis ac arcu. Nunc mauris. Morbi non sapien molestie orci tincidunt adipiscing. Mauris molestie pharetra nibh. Aliquam ornare, libero', NULL, NULL, '2019-12-03 10:17:18', NULL, 1, 3, 4),
(348, 'magna. Sed eu', 'CB8F4879', 'Malesuada Fringilla Est LLP', '4.08', 'justo faucibus lectus, a sollicitudin orci sem eget massa. Suspendisse eleifend. Cras sed leo. Cras vehicula aliquet libero. Integer in magna. Phasellus dolor elit, pellentesque a, facilisis non, bibendum sed, est. Nunc laoreet lectus quis massa. Mauris vestibulum, neque sed dictum eleifend, nunc risus varius orci, in consequat enim diam vel arcu. Curabitur ut odio vel est tempor bibendum. Donec felis orci, adipiscing non, luctus sit amet, faucibus ut, nulla. Cras eu tellus eu augue porttitor interdum. Sed auctor odio a purus. Duis elementum, dui quis accumsan convallis, ante lectus convallis est, vitae sodales nisi magna sed dui. Fusce aliquam, enim nec tempus scelerisque, lorem ipsum sodales purus, in molestie tortor nibh sit amet orci. Ut sagittis lobortis mauris. Suspendisse aliquet molestie tellus. Aenean egestas hendrerit neque. In ornare sagittis felis. Donec tempor, est ac mattis semper, dui lectus rutrum urna, nec luctus felis purus ac tellus. Suspendisse sed dolor. Fusce mi lorem, vehicula et, rutrum eu, ultrices sit amet, risus. Donec nibh enim, gravida sit amet, dapibus id, blandit at, nisi. Cum sociis natoque penatibus et magnis dis parturient montes, nascetur ridiculus mus. Proin vel nisl. Quisque fringilla euismod enim. Etiam gravida molestie arcu. Sed eu', NULL, 0, '2019-12-03 10:17:18', '2020-02-13 00:00:00', 1, 2, 1),
(349, 'Quisque', 'DDCAFDFA', 'Tempor Augue Ac Limited', '0.19', 'tellus sem mollis dui, in sodales elit erat vitae risus. Duis a mi fringilla mi lacinia mattis. Integer eu lacus. Quisque imperdiet, erat nonummy ultricies ornare, elit elit fermentum risus, at fringilla purus mauris a nunc. In at pede. Cras vulputate velit eu sem. Pellentesque ut ipsum ac mi eleifend egestas. Sed pharetra, felis eget varius ultrices, mauris ipsum porta elit, a feugiat tellus lorem eu metus. In lorem. Donec elementum, lorem ut aliquam iaculis, lacus pede sagittis augue, eu tempor erat neque non quam. Pellentesque habitant morbi tristique senectus et netus et malesuada fames ac turpis egestas. Aliquam fringilla cursus purus. Nullam scelerisque neque sed sem egestas blandit. Nam', NULL, NULL, '2019-12-03 10:17:18', NULL, 1, 7, 9),
(350, 'tincidunt. Donec vitae', 'DF12EAAF', 'Auctor Industries', '4.50', 'amet ultricies sem magna nec quam. Curabitur vel lectus. Cum sociis natoque penatibus et magnis dis parturient montes, nascetur ridiculus mus. Donec dignissim magna a tortor. Nunc commodo auctor velit. Aliquam nisl. Nulla eu neque pellentesque massa lobortis ultrices. Vivamus rhoncus. Donec est. Nunc', NULL, NULL, '2019-12-03 10:17:18', NULL, 1, 10, 10),
(351, 'feugiat tellus lorem', '0FB5881E', 'Aliquam Ultrices LLP', '1.78', 'elementum at, egestas a, scelerisque sed, sapien. Nunc pulvinar arcu et pede. Nunc sed orci lobortis augue scelerisque mollis. Phasellus libero mauris, aliquam eu, accumsan sed, facilisis vitae, orci. Phasellus dapibus quam quis diam. Pellentesque habitant morbi tristique senectus et netus et malesuada fames ac turpis egestas. Fusce aliquet magna a neque. Nullam ut nisi a odio semper cursus. Integer mollis. Integer tincidunt aliquam arcu. Aliquam ultrices iaculis odio. Nam interdum enim non nisi. Aenean eget metus. In nec orci. Donec nibh. Quisque nonummy ipsum non arcu. Vivamus sit amet risus. Donec egestas. Aliquam nec enim. Nunc ut erat. Sed nunc est, mollis non, cursus non, egestas a, dui. Cras pellentesque. Sed dictum. Proin eget odio. Aliquam vulputate ullamcorper magna. Sed eu eros. Nam consequat dolor vitae dolor. Donec fringilla. Donec feugiat metus sit amet ante.', NULL, NULL, '2019-12-03 10:17:18', NULL, 1, 0, 2),
(352, 'tristique senectus et netus', '728D7B7C', 'Lorem Inc.', '7.89', 'dui lectus rutrum urna, nec luctus felis purus ac tellus. Suspendisse sed dolor. Fusce mi lorem, vehicula et, rutrum eu, ultrices sit amet, risus. Donec nibh enim, gravida sit amet, dapibus id, blandit at, nisi. Cum sociis natoque penatibus et magnis dis parturient montes, nascetur ridiculus mus. Proin vel nisl. Quisque fringilla euismod enim. Etiam gravida molestie arcu. Sed eu nibh vulputate mauris sagittis placerat. Cras dictum ultricies ligula. Nullam enim. Sed nulla ante, iaculis nec, eleifend non, dapibus rutrum, justo. Praesent luctus. Curabitur egestas nunc sed libero. Proin sed turpis nec mauris blandit mattis. Cras eget nisi dictum augue malesuada malesuada. Integer id magna et ipsum cursus vestibulum. Mauris magna. Duis dignissim tempor arcu. Vestibulum ut eros non enim commodo hendrerit. Donec porttitor tellus non magna. Nam ligula elit, pretium et, rutrum non, hendrerit id, ante. Nunc mauris sapien, cursus in, hendrerit consectetuer, cursus et, magna.', NULL, NULL, '2019-12-03 10:17:18', NULL, 1, 4, 5),
(354, 'ipsum porta elit,', '4C5CCE1A', 'Sagittis Nullam LLP', '0.43', 'sed orci lobortis augue scelerisque mollis. Phasellus libero mauris, aliquam eu, accumsan sed, facilisis vitae, orci. Phasellus dapibus quam quis diam. Pellentesque habitant morbi tristique senectus et netus et malesuada fames ac turpis egestas. Fusce aliquet magna a neque. Nullam ut nisi a odio semper cursus. Integer mollis. Integer tincidunt aliquam arcu. Aliquam ultrices iaculis odio. Nam interdum', NULL, NULL, '2019-12-03 10:17:18', NULL, 1, 2, 9),
(355, 'sagittis semper.', 'F1082ADA', 'Suscipit Est Limited', '1.92', 'eleifend, nunc risus varius orci, in consequat enim diam vel arcu. Curabitur ut odio vel est tempor bibendum. Donec felis orci, adipiscing non, luctus sit amet, faucibus ut, nulla. Cras eu tellus eu augue porttitor interdum. Sed auctor odio a purus. Duis elementum, dui quis accumsan convallis, ante lectus convallis est, vitae sodales nisi magna sed dui. Fusce aliquam, enim nec tempus scelerisque, lorem ipsum sodales purus, in molestie tortor nibh sit amet orci. Ut sagittis lobortis mauris. Suspendisse aliquet molestie tellus. Aenean egestas hendrerit neque. In ornare sagittis felis. Donec tempor, est ac mattis semper, dui lectus rutrum urna, nec luctus felis purus ac tellus. Suspendisse sed dolor. Fusce mi lorem, vehicula et, rutrum eu, ultrices sit amet, risus. Donec nibh enim, gravida sit amet,', NULL, NULL, '2019-12-03 10:17:18', NULL, 1, 10, 1),
(356, 'lacus. Quisque purus sapien,', 'F7E89A42', 'Vel Industries', '3.23', 'nec luctus felis purus ac tellus. Suspendisse sed dolor. Fusce mi lorem, vehicula et, rutrum eu, ultrices sit amet, risus. Donec nibh enim, gravida sit amet, dapibus id, blandit at, nisi. Cum sociis natoque penatibus et magnis dis parturient montes, nascetur ridiculus mus. Proin vel nisl. Quisque fringilla euismod enim. Etiam gravida molestie arcu. Sed eu nibh vulputate mauris sagittis placerat. Cras dictum ultricies ligula. Nullam enim. Sed nulla ante, iaculis nec, eleifend non, dapibus rutrum, justo. Praesent luctus. Curabitur egestas nunc sed libero. Proin sed turpis nec mauris blandit mattis. Cras eget nisi dictum augue malesuada malesuada. Integer id magna et ipsum cursus vestibulum. Mauris magna. Duis dignissim tempor arcu. Vestibulum ut eros non enim commodo hendrerit. Donec porttitor tellus non magna. Nam ligula elit, pretium et, rutrum non, hendrerit id, ante. Nunc mauris sapien, cursus in, hendrerit consectetuer, cursus et, magna. Praesent interdum ligula eu enim. Etiam imperdiet dictum magna. Ut tincidunt orci quis lectus. Nullam suscipit, est ac facilisis facilisis, magna tellus faucibus leo, in lobortis tellus justo sit amet nulla. Donec non justo. Proin non massa non ante bibendum ullamcorper. Duis', NULL, NULL, '2019-12-03 10:17:18', NULL, 1, 11, 9),
(358, 'aliquam arcu.', '7F5D31C1', 'Ipsum LLP', '8.21', 'tellus justo sit amet nulla. Donec non justo. Proin non massa non ante bibendum ullamcorper. Duis cursus, diam at pretium aliquet, metus urna convallis erat, eget tincidunt dui augue eu tellus. Phasellus elit pede, malesuada vel, venenatis vel, faucibus id, libero. Donec consectetuer mauris id sapien. Cras dolor dolor, tempus non, lacinia at, iaculis quis, pede. Praesent eu dui. Cum sociis natoque penatibus et magnis dis parturient montes, nascetur ridiculus mus. Aenean eget magna. Suspendisse tristique neque venenatis lacus. Etiam bibendum fermentum', NULL, NULL, '2019-12-03 10:17:18', NULL, 1, 2, 3),
(359, 'non nisi. Aenean eget', '5C16383C', 'Nostra LLC', '4.52', 'ultricies ligula. Nullam enim. Sed nulla ante, iaculis nec, eleifend non, dapibus rutrum, justo. Praesent luctus. Curabitur egestas nunc sed libero. Proin sed turpis nec mauris blandit mattis. Cras eget nisi dictum augue malesuada malesuada. Integer id magna et ipsum cursus vestibulum. Mauris magna. Duis dignissim tempor arcu. Vestibulum ut eros non enim commodo hendrerit. Donec porttitor tellus non magna. Nam ligula elit, pretium et, rutrum non, hendrerit id,', NULL, NULL, '2019-12-03 10:17:18', NULL, 1, 3, 7);
INSERT INTO `products` (`productID`, `label`, `reference`, `maker`, `ptprice`, `description`, `discount`, `stock`, `adddate`, `updatedate`, `available`, `supplierID`, `categoryID`) VALUES
(360, 'elit fermentum risus, at fringilla', 'DDEBE9FF', 'Blandit Industries', '7.62', 'vestibulum massa rutrum magna. Cras convallis convallis dolor. Quisque tincidunt pede ac urna. Ut tincidunt vehicula risus. Nulla eget metus eu erat semper rutrum. Fusce dolor quam, elementum at, egestas a, scelerisque sed, sapien. Nunc pulvinar arcu et pede. Nunc sed orci lobortis augue scelerisque mollis. Phasellus libero mauris, aliquam eu, accumsan sed, facilisis vitae, orci. Phasellus dapibus quam quis diam. Pellentesque habitant morbi tristique senectus et netus et malesuada fames ac turpis egestas. Fusce aliquet magna a neque. Nullam ut nisi a odio semper cursus. Integer mollis. Integer tincidunt aliquam arcu. Aliquam ultrices iaculis odio. Nam interdum enim non nisi. Aenean eget metus. In nec orci. Donec nibh. Quisque nonummy ipsum non arcu. Vivamus sit amet risus. Donec egestas. Aliquam nec enim. Nunc ut erat. Sed nunc est, mollis non, cursus non, egestas a, dui. Cras pellentesque. Sed dictum. Proin eget odio. Aliquam vulputate ullamcorper magna. Sed eu eros. Nam consequat dolor vitae dolor. Donec fringilla. Donec feugiat metus sit', NULL, NULL, '2019-12-03 10:17:18', NULL, 1, 10, 8),
(361, 'porttitor vulputate, posuere', 'C6BB4118', 'Ultricies Sem Magna Incorporated', '7.37', 'hendrerit neque. In ornare sagittis felis. Donec tempor, est ac mattis semper, dui lectus rutrum urna, nec luctus felis purus ac tellus. Suspendisse sed dolor. Fusce mi lorem, vehicula et, rutrum eu, ultrices sit amet, risus. Donec nibh enim, gravida sit amet, dapibus id, blandit at, nisi. Cum sociis natoque penatibus et magnis dis parturient montes, nascetur ridiculus mus. Proin vel nisl. Quisque fringilla euismod enim. Etiam gravida molestie arcu. Sed eu nibh vulputate', NULL, NULL, '2019-12-03 10:17:18', NULL, 1, 2, 2),
(363, 'ipsum non arcu.', '50242004', 'Nostra PC', '0.07', 'volutpat ornare, facilisis eget, ipsum. Donec sollicitudin adipiscing ligula. Aenean gravida nunc sed pede. Cum sociis natoque penatibus et magnis dis parturient montes, nascetur ridiculus mus. Proin vel arcu eu odio tristique pharetra. Quisque ac libero nec ligula consectetuer rhoncus. Nullam velit dui, semper et, lacinia vitae, sodales at, velit. Pellentesque ultricies dignissim lacus. Aliquam rutrum lorem ac risus. Morbi metus. Vivamus euismod urna. Nullam lobortis quam a felis ullamcorper viverra. Maecenas iaculis aliquet diam. Sed diam lorem, auctor quis, tristique ac, eleifend vitae, erat. Vivamus nisi. Mauris nulla. Integer urna. Vivamus molestie dapibus ligula. Aliquam erat volutpat. Nulla dignissim. Maecenas ornare egestas ligula. Nullam feugiat placerat velit. Quisque varius. Nam porttitor scelerisque neque. Nullam nisl. Maecenas malesuada fringilla est. Mauris eu turpis. Nulla aliquet. Proin velit. Sed malesuada augue ut lacus. Nulla tincidunt, neque vitae semper egestas, urna justo faucibus lectus, a sollicitudin orci sem eget massa. Suspendisse eleifend. Cras sed leo. Cras vehicula aliquet libero. Integer in magna. Phasellus dolor elit, pellentesque a, facilisis non, bibendum sed, est. Nunc laoreet lectus quis massa. Mauris vestibulum, neque sed', NULL, NULL, '2019-12-03 10:17:18', NULL, 1, 15, 2),
(364, 'scelerisque sed, sapien.', '75C5D090', 'Nisi Foundation', '6.84', 'magnis dis parturient montes, nascetur ridiculus mus. Proin vel arcu eu odio tristique pharetra. Quisque ac libero nec ligula consectetuer rhoncus. Nullam velit dui, semper et, lacinia vitae, sodales at, velit. Pellentesque ultricies dignissim lacus. Aliquam rutrum lorem ac risus. Morbi metus. Vivamus euismod urna. Nullam lobortis quam a felis ullamcorper viverra. Maecenas iaculis aliquet diam. Sed diam lorem, auctor quis, tristique ac, eleifend vitae, erat. Vivamus nisi. Mauris nulla. Integer urna. Vivamus molestie dapibus ligula. Aliquam erat volutpat. Nulla dignissim. Maecenas ornare egestas ligula. Nullam feugiat placerat velit. Quisque varius. Nam porttitor scelerisque neque. Nullam nisl. Maecenas malesuada fringilla est. Mauris eu turpis. Nulla aliquet. Proin velit. Sed malesuada augue ut lacus. Nulla tincidunt, neque vitae semper egestas, urna justo faucibus lectus, a sollicitudin orci sem eget massa. Suspendisse eleifend. Cras sed leo. Cras vehicula aliquet libero. Integer in magna. Phasellus dolor elit, pellentesque a, facilisis non, bibendum sed, est. Nunc laoreet lectus quis massa. Mauris vestibulum, neque sed dictum eleifend, nunc risus varius orci,', NULL, NULL, '2019-12-03 10:17:18', NULL, 1, 7, 5),
(365, 'dictum magna. Ut tincidunt', 'AD7620AF', 'A Consulting', '9.40', 'sagittis augue, eu tempor erat neque non quam. Pellentesque habitant morbi trigna, malesuada vel, convallis in, cursus et,', NULL, 0, '2019-12-03 10:17:18', '2020-02-17 00:00:00', 1, 2, 1),
(426, '650M', 'NVD950', 'nvidia', '59.90', 'Processeur pas ouf', NULL, 5, '2020-02-17 00:00:00', NULL, 1, 2, 10),
(366, 'ut', 'D50E7F78', 'Magna A Neque Corp.', '4.43', 'dictum augue malesuada malesuada. Integer id magna et ipsum cursus vestibulum. Mauris magna. Duis dignissim tempor arcu. Vestibulum ut eros non enim commodo hendrerit. Donec porttitor tellus non magna. Nam ligula elit, pretium et, rutrum non, hendrerit id, ante. Nunc mauris sapien, cursus in, hendrerit consectetuer, cursus et, magna. Praesent interdum ligula eu enim. Etiam imperdiet dictum magna. Ut tincidunt orci quis lectus. Nullam suscipit, est ac facilisis facilisis, magna tellus faucibus leo, in lobortis tellus justo sit amet nulla. Donec non justo. Proin non massa non ante bibendum ullamcorper. Duis cursus, diam at pretium aliquet, metus urna convallis erat, eget tincidunt dui augue eu tellus. Phasellus elit pede, malesuada vel, venenatis vel, faucibus id, libero. Donec consectetuer mauris id sapien. Cras dolor dolor, tempus non, lacinia at, iaculis quis, pede. Praesent eu dui. Cum sociis natoque penatibus et magnis dis parturient montes, nascetur ridiculus mus. Aenean eget', NULL, NULL, '2019-12-03 10:17:18', NULL, 1, 13, 5),
(367, 'eu, accumsan sed,', '926EFFFC', 'At Egestas A Consulting', '7.03', 'Donec feugiat metus sit amet ante. Vivamus non lorem vitae odio sagittis semper. Nam tempor diam dictum sapien. Aenean massa. Integer vitae nibh. Donec est mauris, rhoncus id, mollis nec, cursus a, enim. Suspendisse aliquet, sem ut cursus luctus, ipsum leo elementum sem, vitae aliquam eros turpis non enim. Mauris quis turpis vitae purus gravida sagittis. Duis gravida. Praesent eu nulla at sem molestie sodales. Mauris blandit enim consequat purus. Maecenas libero est, congue a, aliquet vel, vulputate eu, odio. Phasellus', NULL, NULL, '2019-12-03 10:17:18', NULL, 1, 15, 5),
(368, 'ligula', 'CAD126A3', 'Libero Mauris Institute', '4.50', 'dictum eu, placerat eget, venenatis a, magna. Lorem ipsum dolor sit amet, consectetuer adipiscing elit. Etiam laoreet, libero et tristique pellentesque, tellus sem mollis dui, in sodales elit erat vitae risus. Duis a mi fringilla mi lacinia mattis. Integer eu lacus. Quisque imperdiet, erat nonummy ultricies ornare, elit elit fermentum risus,', NULL, NULL, '2019-12-03 10:17:18', NULL, 1, 6, 9),
(369, 'nonummy ultricies ornare,', 'D265B152', 'Blandit Mattis Cras Limited', '9.30', 'sagittis. Duis gravida. Praesent eu nulla at sem molestie sodales. Mauris blandit enim consequat purus. Maecenas libero est, congue a, aliquet vel, vulputate eu, odio. Phasellus at augue id ante dictum cursus. Nunc mauris elit, dictum eu, eleifend nec, malesuada ut, sem. Nulla interdum. Curabitur dictum. Phasellus in felis. Nulla tempor augue ac ipsum. Phasellus vitae mauris sit amet lorem semper auctor. Mauris vel turpis. Aliquam adipiscing lobortis risus. In mi pede, nonummy ut, molestie in, tempus eu, ligula. Aenean euismod mauris eu elit. Nulla facilisi. Sed neque. Sed eget lacus. Mauris non dui nec urna suscipit nonummy. Fusce fermentum fermentum arcu. Vestibulum ante ipsum primis in faucibus orci luctus et ultrices posuere cubilia Curae; Phasellus ornare. Fusce mollis. Duis sit', NULL, NULL, '2019-12-03 10:17:18', NULL, 1, 3, 0),
(370, 'pede et risus. Quisque', 'C8CBA13E', 'Adipiscing Ligula Aenean Incorporated', '0.39', 'magnis dis parturient montes, nascetur ridiculus mus. Aenean eget magna. Suspendisse tristique neque venenatis lacus. Etiam bibendum fermentum metus. Aenean sed pede nec ante blandit viverra. Donec tempus, lorem fringilla ornare placerat, orci lacus vestibulum lorem, sit amet ultricies sem magna nec quam. Curabitur vel lectus. Cum sociis natoque penatibus et magnis dis parturient montes, nascetur ridiculus mus. Donec dignissim magna a tortor. Nunc commodo auctor velit. Aliquam nisl. Nulla eu neque pellentesque massa lobortis ultrices. Vivamus rhoncus. Donec est. Nunc ullamcorper, velit in aliquet lobortis, nisi nibh lacinia orci, consectetuer euismod est arcu ac orci. Ut semper pretium neque. Morbi quis urna. Nunc quis arcu vel quam dignissim pharetra. Nam ac nulla. In tincidunt congue turpis. In condimentum. Donec at arcu. Vestibulum ante ipsum primis in faucibus orci luctus et ultrices posuere cubilia Curae; Donec tincidunt. Donec vitae erat vel pede blandit congue. In scelerisque scelerisque dui. Suspendisse ac metus vitae velit egestas lacinia. Sed', NULL, NULL, '2019-12-03 10:17:18', NULL, 1, 8, 6),
(371, 'placerat. Cras dictum', 'C01F8636', 'Nulla Integer LLP', '1.42', 'vitae dolor. Donec fringilla. Donec feugiat metus sit amet ante. Vivamus non lorem vitae odio sagittis semper. Nam tempor diam dictum sapien. Aenean massa. Integer vitae nibh. Donec est mauris, rhoncus id, mollis nec, cursus a, enim. Suspendisse aliquet, sem ut cursus luctus, ipsum leo elementum sem, vitae aliquam eros turpis non enim. Mauris quis turpis vitae purus gravida sagittis. Duis gravida. Praesent eu nulla at sem molestie sodales. Mauris blandit enim consequat purus. Maecenas libero est, congue a, aliquet vel, vulputate eu, odio. Phasellus at augue id ante dictum cursus. Nunc mauris elit, dictum eu, eleifend nec, malesuada ut, sem. Nulla interdum. Curabitur dictum. Phasellus in felis. Nulla tempor augue ac ipsum. Phasellus vitae mauris sit amet lorem semper auctor. Mauris vel turpis. Aliquam adipiscing lobortis risus. In mi pede, nonummy ut, molestie in, tempus eu, ligula. Aenean euismod mauris eu elit. Nulla facilisi. Sed neque. Sed eget lacus. Mauris non dui nec urna suscipit nonummy. Fusce fermentum fermentum arcu. Vestibulum ante ipsum primis in faucibus orci luctus et ultrices posuere cubilia Curae; Phasellus ornare. Fusce mollis.', NULL, NULL, '2019-12-03 10:17:18', NULL, 1, 10, 5),
(373, 'lorem, vehicula', '177C78F0', 'Vestibulum Neque Consulting', '5.80', 'aliquet magna a neque. Nullam ut nisi a odio semper cursus. Integer mollis. Integer tincidunt aliquam arcu. Aliquam ultrices iaculis odio. Nam interdum enim non nisi. Aenean eget metus. In nec orci. Donec nibh. Quisque nonummy ipsum non arcu. Vivamus sit amet risus. Donec egestas. Aliquam nec enim. Nunc ut erat. Sed nunc est, mollis non, cursus non, egestas a, dui. Cras pellentesque. Sed dictum. Proin eget odio. Aliquam vulputate ullamcorper magna. Sed eu eros. Nam consequat dolor vitae dolor. Donec fringilla. Donec feugiat metus sit amet ante. Vivamus non lorem vitae odio sagittis semper. Nam tempor diam dictum sapien. Aenean massa. Integer vitae nibh. Donec est mauris, rhoncus id, mollis nec, cursus a, enim. Suspendisse aliquet, sem ut cursus luctus, ipsum leo elementum sem, vitae aliquam eros turpis non enim. Mauris quis turpis vitae purus gravida sagittis. Duis gravida. Praesent eu nulla at sem molestie sodales. Mauris blandit enim consequat purus. Maecenas libero est, congue a, aliquet vel, vulputate eu, odio. Phasellus at augue id ante dictum cursus. Nunc mauris elit, dictum eu, eleifend nec, malesuada ut, sem. Nulla interdum. Curabitur dictum. Phasellus in felis. Nulla tempor augue ac ipsum. Phasellus vitae mauris sit amet lorem semper auctor. Mauris vel turpis. Aliquam adipiscing lobortis risus. In mi', NULL, NULL, '2019-12-03 10:17:18', NULL, 1, 12, 1),
(374, 'parturient', 'B955DE4D', 'Est Arcu Foundation', '3.11', 'ligula tortor, dictum eu, placerat eget, venenatis a, magna. Lorem ipsum dolor sit amet, consectetuer adipiscing elit. Etiam laoreet, libero et tristique pellentesque,', NULL, NULL, '2019-12-03 10:17:18', NULL, 1, 5, 10),
(375, 'dolor.', '25FD97D2', 'Erat Semper Limited', '4.51', 'amet, faucibus ut, nulla. Cras eu tellus eu augue porttitor interdum. Sed auctor odio a purus. Duis elementum, dui quis accumsan convallis, ante lectus convallis est, vitae sodales nisi magna sed dui. Fusce aliquam, enim nec tempus scelerisque, lorem ipsum sodales purus, in molestie tortor nibh sit amet orci. Ut sagittis lobortis mauris. Suspendisse aliquet molestie tellus. Aenean egestas hendrerit neque. In ornare sagittis felis. Donec tempor, est ac mattis', NULL, NULL, '2019-12-03 10:17:18', NULL, 1, 10, 0),
(376, 'nec urna et arcu', '86D6C5AE', 'Lectus Consulting', '7.20', 'nec luctus felis purus ac tellus. Suspendisse sed dolor. Fusce mi lorem, vehicula et, rutrum eu, ultrices sit amet, risus. Donec nibh enim, gravida sit amet, dapibus id, blandit at, nisi. Cum sociis natoque penatibus et magnis dis parturient montes, nascetur ridiculus mus. Proin vel nisl. Quisque fringilla euismod enim. Etiam gravida molestie arcu. Sed eu nibh vulputate mauris sagittis placerat. Cras dictum ultricies ligula. Nullam enim. Sed nulla', NULL, NULL, '2019-12-03 10:17:18', NULL, 1, 1, 7),
(377, 'neque.', 'E3ED8875', 'Consectetuer Adipiscing Elit Incorporated', '2.98', 'congue. In scelerisque scelerisque dui. Suspendisse ac metus vitae velit egestas lacinia. Sed congue, elit sed consequat auctor, nunc nulla vulputate dui, nec tempus mauris erat eget ipsum. Suspendisse sagittis. Nullam vitae diam. Proin dolor. Nulla semper tellus id nunc interdum feugiat. Sed nec metus facilisis lorem tristique aliquet. Phasellus fermentum convallis ligula. Donec luctus aliquet odio. Etiam ligula tortor, dictum eu, placerat eget, venenatis a, magna. Lorem ipsum dolor sit amet, consectetuer adipiscing elit. Etiam laoreet, libero et tristique pellentesque, tellus sem mollis dui, in sodales elit erat vitae risus. Duis a mi fringilla mi lacinia mattis. Integer eu lacus. Quisque imperdiet,', NULL, NULL, '2019-12-03 10:17:18', NULL, 1, 10, 5),
(378, 'neque tellus,', '7158E966', 'Maecenas LLP', '4.91', 'egestas. Fusce aliquet magna a neque. Nullam ut nisi a odio semper cursus. Integer mollis. Integer tincidunt aliquam arcu. Aliquam ultrices iaculis odio. Nam interdum enim non nisi. Aenean eget metus. In nec orci. Donec nibh. Quisque nonummy ipsum non arcu. Vivamus sit amet risus. Donec egestas. Aliquam nec enim. Nunc ut erat. Sed nunc est, mollis non, cursus non, egestas a, dui. Cras pellentesque. Sed dictum. Proin eget odio. Aliquam vulputate ullamcorper magna. Sed eu eros. Nam consequat dolor vitae dolor. Donec fringilla. Donec feugiat metus sit amet ante. Vivamus non lorem vitae odio sagittis semper. Nam tempor diam dictum sapien. Aenean massa. Integer vitae nibh. Donec est mauris, rhoncus id, mollis nec, cursus a, enim. Suspendisse aliquet, sem ut cursus luctus, ipsum leo elementum sem,', NULL, NULL, '2019-12-03 10:17:18', NULL, 1, 2, 1),
(379, 'lacus. Mauris', '505A347D', 'Lorem Luctus Ut Incorporated', '9.99', 'congue a, aliquet vel, vulputate eu, odio. Phasellus at augue id ante dictum cursus. Nunc mauris elit, dictum eu, eleifend nec, malesuada ut, sem. Nulla interdum. Curabitur dictum. Phasellus in felis. Nulla tempor augue ac ipsum. Phasellus vitae mauris sit amet lorem semper auctor. Mauris vel turpis. Aliquam adipiscing lobortis risus. In mi pede, nonummy ut, molestie in, tempus eu, ligula. Aenean euismod mauris eu elit. Nulla facilisi. Sed neque. Sed eget lacus. Mauris non dui nec', NULL, NULL, '2019-12-03 10:17:18', NULL, 1, 7, 10),
(380, 'egestas. Duis ac arcu. Nunc', '185E3938', 'Quis Pede Praesent Company', '1.98', 'gravida sagittis. Duis gravida. Praesent eu nulla at sem molestie sodales. Mauris blandit enim consequat purus. Maecenas libero est, congue a, aliquet vel, vulputate eu, odio. Phasellus at augue id ante dictum cursus. Nunc mauris elit, dictum eu, eleifend nec, malesuada ut, sem. Nulla interdum. Curabitur dictum. Phasellus in felis. Nulla tempor augue ac ipsum. Phasellus vitae mauris sit amet lorem semper auctor. Mauris vel turpis. Aliquam adipiscing lobortis risus. In mi pede, nonummy ut, molestie in, tempus eu, ligula. Aenean euismod mauris eu elit. Nulla facilisi. Sed neque. Sed eget lacus. Mauris non dui nec urna suscipit nonummy. Fusce fermentum fermentum arcu. Vestibulum ante ipsum primis in faucibus orci luctus et ultrices posuere cubilia Curae; Phasellus ornare. Fusce mollis. Duis sit amet diam eu dolor', NULL, NULL, '2019-12-03 10:17:18', NULL, 1, 0, 4),
(381, 'Sed congue,', 'AE102ACA', 'Tellus Non Magna Corp.', '3.47', 'egestas lacinia. Sed congue, elit sed consequat auctor, nunc nulla vulputate dui, nec tempus mauris erat eget ipsum. Suspendisse sagittis. Nullam vitae diam. Proin dolor. Nulla semper tellus id nunc interdum feugiat. Sed nec metus facilisis lorem tristique aliquet. Phasellus fermentum convallis ligula. Donec luctus aliquet odio. Etiam ligula tortor, dictum eu, placerat eget, venenatis a, magna. Lorem ipsum', NULL, NULL, '2019-12-03 10:17:18', NULL, 1, 3, 3),
(382, 'risus.', 'F142B75D', 'Neque Nullam Consulting', '4.07', 'ac nulla. In tincidunt congue turpis. In condimentum. Donec at arcu. Vestibulum ante ipsum primis in faucibus orci luctus et ultrices posuere cubilia Curae; Donec tincidunt. Donec vitae erat vel pede blandit congue. In scelerisque scelerisque dui. Suspendisse ac metus vitae velit egestas lacinia. Sed congue, elit sed consequat auctor, nunc nulla vulputate dui, nec tempus mauris erat eget ipsum. Suspendisse sagittis. Nullam vitae diam. Proin dolor. Nulla semper tellus id nunc interdum feugiat. Sed nec metus facilisis lorem tristique aliquet. Phasellus fermentum convallis ligula. Donec luctus aliquet odio.', NULL, NULL, '2019-12-03 10:17:18', NULL, 1, 11, 6),
(383, 'vitae purus', '3E9C5FBF', 'Velit Eu Sem Ltd', '5.91', 'ultrices, mauris ipsum porta elit, a feugiat tellus lorem eu metus. In lorem. Donec elementum, lorem ut aliquam iaculis, lacus pede sagittis augue, eu tempor erat neque non quam. Pellentesque habitant morbi tristique senectus et netus et malesuada fames ac turpis egestas. Aliquam fringilla cursus purus. Nullam scelerisque neque sed sem egestas blandit. Nam nulla magna, malesuada vel, convallis in, cursus et, eros. Proin ultrices. Duis volutpat nunc sit amet metus. Aliquam erat volutpat. Nulla facilisis. Suspendisse commodo tincidunt nibh. Phasellus nulla. Integer vulputate, risus a ultricies adipiscing, enim mi tempor lorem, eget mollis lectus pede et risus. Quisque libero lacus, varius et, euismod et, commodo at, libero. Morbi accumsan laoreet ipsum. Curabitur consequat, lectus sit amet luctus vulputate, nisi sem semper erat, in consectetuer ipsum nunc id enim. Curabitur massa. Vestibulum accumsan neque et nunc. Quisque ornare tortor at risus. Nunc ac sem ut dolor dapibus gravida. Aliquam tincidunt, nunc ac mattis ornare, lectus ante dictum mi, ac mattis velit justo nec ante. Maecenas mi felis, adipiscing fringilla, porttitor vulputate, posuere vulputate, lacus. Cras interdum. Nunc sollicitudin commodo ipsum. Suspendisse non leo. Vivamus nibh dolor, nonummy ac, feugiat non, lobortis quis, pede. Suspendisse dui. Fusce diam nunc, ullamcorper eu, euismod ac, fermentum vel, mauris. Integer sem elit, pharetra ut, pharetra sed, hendrerit a, arcu. Sed et libero. Proin mi. Aliquam gravida mauris ut mi. Duis risus odio, auctor', NULL, NULL, '2019-12-03 10:17:18', NULL, 1, 7, 6),
(384, 'ut, pharetra', '7578D80B', 'Volutpat Nunc Sit LLC', '0.63', 'Cras dolor dolor, tempus non, lacinia at, iaculis quis, pede. Praesent eu dui. Cum sociis natoque penatibus et magnis dis parturient montes, nascetur ridiculus mus. Aenean eget magna. Suspendisse tristique neque venenatis lacus. Etiam bibendum fermentum metus. Aenean sed pede nec ante blandit viverra. Donec tempus, lorem fringilla ornare placerat, orci lacus vestibulum lorem, sit amet ultricies sem magna nec quam. Curabitur vel lectus. Cum sociis natoque penatibus et magnis dis parturient montes, nascetur ridiculus mus. Donec dignissim magna a tortor. Nunc commodo auctor velit. Aliquam nisl. Nulla eu neque pellentesque massa lobortis ultrices. Vivamus rhoncus. Donec est. Nunc ullamcorper, velit in aliquet lobortis, nisi nibh lacinia orci, consectetuer euismod est arcu ac orci. Ut semper pretium neque. Morbi quis urna. Nunc quis arcu vel quam dignissim pharetra. Nam ac nulla. In tincidunt congue turpis. In condimentum. Donec at arcu. Vestibulum ante ipsum primis in faucibus orci luctus et ultrices posuere cubilia Curae; Donec tincidunt. Donec vitae erat vel', NULL, NULL, '2019-12-03 10:17:18', NULL, 1, 2, 1),
(385, 'eget lacus. Mauris', 'C87F7D74', 'Volutpat Nulla Facilisis Institute', '8.54', 'Nam interdum enim non nisi. Aenean eget metus. In nec orci. Donec nibh. Quisque nonummy ipsum non arcu. Vivamus sit amet risus. Donec egestas. Aliquam nec enim. Nunc ut erat. Sed nunc est, mollis non, cursus non, egestas a, dui. Cras pellentesque. Sed dictum. Proin eget odio. Aliquam vulputate ullamcorper magna. Sed eu eros. Nam consequat dolor vitae dolor.', NULL, NULL, '2019-12-03 10:17:18', NULL, 1, 14, 5),
(425, 'montes, nascetur ridiculus mus. ', 'FA650F6', 'Vulputate Foundation', '8.91', 'purus gravida sagittis. Duis gravida. Praesent eu nulla at sem molestie sodales. Mauris blandit enim consequat purus. Maecenas libero est, congue a, aliquet vel, vulputate eu, odio. Phasellus at augue id ante dictum cursus. Nunc mauris elit, dictum eu, eleifend nec, malesuada ut, sem. Nulla interdum. Curabitur dictum. Phasellus in felis. Nulla tempor augue ac ipsum. Phasellus vitae mauris sit amet lorem semper auctor. Mauris vel turpis. Aliquam adipiscing lobortis risus. In mi pede, nonummy ut, molestie in, tempus eu, ligula. Aenean euismod mauris eu elit. Nulla facilisi. Sed neque. Sed eget lacus. Mauris non dui nec urna suscipit nonummy. Fusce fermentum fermentum arcu. Vestibulum ante ipsum primis in faucibus orci luctus et ultrices posuere cubilia Curae; Phasellus ornare. Fusce mollis. Duis sit amet diam eu dolor egestas rhoncus. Proin nisl sem, consequat nec, mollis vitae, posuere at, velit. Cras lorem lorem, luctus ut, pellentesque eget, dictum placerat, augue. Sed molestie. Sed id risus quis diam luctus lobortis. Class aptent taciti sociosqu ad litora', NULL, 0, '2020-02-17 00:00:00', NULL, 1, 2, 4),
(387, 'nunc risus varius', 'E1F01CE2', 'Iaculis Lacus Corporation', '8.72', 'molestie arcu. Sed eu nibh vulputate mauris sagittis placerat. Cras dictum ultricies ligula. Nullam enim. Sed nulla ante, iaculis nec, eleifend non, dapibus rutrum, justo. Praesent luctus. Curabitur egestas nunc sed libero. Proin sed turpis nec mauris blandit mattis. Cras eget nisi dictum augue malesuada malesuada. Integer id magna et ipsum cursus vestibulum. Mauris magna. Duis dignissim tempor arcu. Vestibulum ut eros non enim commodo hendrerit. Donec porttitor tellus non magna. Nam ligula elit, pretium et, rutrum non, hendrerit id, ante. Nunc mauris sapien, cursus in, hendrerit consectetuer, cursus et, magna. Praesent interdum ligula eu enim. Etiam imperdiet dictum magna. Ut tincidunt orci quis lectus. Nullam suscipit, est ac facilisis facilisis, magna tellus faucibus leo, in lobortis tellus justo sit amet nulla. Donec non justo. Proin non massa non ante bibendum ullamcorper. Duis cursus, diam at pretium aliquet, metus urna', NULL, NULL, '2019-12-03 10:17:18', NULL, 1, 13, 2),
(388, 'auctor, nunc nulla', 'BF7DA43D', 'Nunc Sit Amet LLP', '9.14', 'Integer in magna. Phasellus dolor elit, pellentesque a, facilisis non, bibendum sed, est. Nunc laoreet lectus quis massa. Mauris vestibulum, neque sed dictum eleifend, nunc risus varius orci, in consequat enim diam vel arcu. Curabitur ut odio vel est tempor bibendum. Donec felis orci, adipiscing non, luctus sit amet, faucibus ut, nulla. Cras eu tellus eu', NULL, NULL, '2019-12-03 10:17:18', NULL, 1, 8, 4),
(389, 'tristique pellentesque, tellus', 'FDC56125', 'Ut Tincidunt Corporation', '5.16', 'vel, faucibus id, libero. Donec consectetuer mauris id sapien. Cras dolor dolor, tempus non, lacinia at, iaculis quis, pede. Praesent eu dui. Cum sociis natoque penatibus et magnis dis parturient montes, nascetur ridiculus mus. Aenean eget magna. Suspendisse tristique neque venenatis lacus. Etiam bibendum fermentum metus. Aenean sed pede nec ante blandit viverra. Donec tempus, lorem fringilla ornare placerat, orci lacus vestibulum lorem, sit amet ultricies sem magna nec quam. Curabitur vel lectus. Cum sociis natoque penatibus et magnis dis parturient montes, nascetur ridiculus mus. Donec dignissim magna a tortor. Nunc commodo auctor velit. Aliquam nisl. Nulla eu neque pellentesque massa', NULL, NULL, '2019-12-03 10:17:18', NULL, 1, 3, 1),
(392, 'Geforce 550M', 'GF550MNVDk', 'Blandit Mattis Cras Limited', '110.00', '', NULL, 0, '2019-12-28 11:09:41', NULL, 1, 11, 1),
(395, 'Geforce 550Muyt', 'AZEFDSXVC', 'Dolor Nonummy Inc.', '79.00', 'YEP', NULL, 68, '2019-12-29 16:34:55', NULL, 1, 21, 1),
(396, 'Geforce 550Muyt', 'qsdfghjkl5', 'Dolor Nonummy Inc.', '79.00', 'YEP', NULL, 68, '2019-12-29 16:37:30', NULL, 1, 21, 1),
(397, 'Geforce 550Muyt', 'hxcbqwxcvbh', 'Dolor Nonummy Inc.', '79.00', 'YEP', NULL, 68, '2019-12-29 16:41:09', NULL, 1, 21, 1),
(398, 'Geforce 550Muyt', 'hxcbqwxcaqw', 'Dolor Nonummy Inc.', '79.00', 'YEP', NULL, 68, '2019-12-29 16:45:43', NULL, 1, 21, 1),
(399, 'Geforce 550Muyt', 'hxcbqwxcaqwq', 'Dolor Nonummy Inc.', '79.00', 'YEP', NULL, 68, '2019-12-29 16:47:14', NULL, 1, 21, 1),
(400, 'Geforce 550Muyt', 'azertyuijhgf', 'Blandit Mattis Cras Limited', '89.00', 'YEP', 0, 68, '2019-12-29 16:48:06', '2020-01-06 10:03:59', 1, 17, 1),
(401, 'Geforce 550Muyt', 'qwxsdcvf', 'Dolor Nonummy Inc.', '79.00', 'YEP', NULL, 68, '2019-12-29 16:49:26', NULL, 1, 21, 1),
(402, 'Geforce 550Muyt', 'qwxsdcvfa', 'Dolor Nonummy Inc.', '79.00', 'YEP', NULL, 68, '2019-12-29 16:51:51', NULL, 1, 21, 1),
(403, 'Geforce 550Muyt', 'qwxsdcvfd', 'Dolor Nonummy Inc.', '79.00', 'YEP', NULL, 68, '2019-12-29 16:54:49', NULL, 1, 21, 1),
(404, 'Geforce 550Muyt', 'qwxsdcvfw', 'Dolor Nonummy Inc.', '79.00', 'YEP', NULL, 68, '2019-12-29 16:55:50', NULL, 1, 21, 1),
(405, 'Geforce 550Muyt', 'qwxsdcvffg', 'Dolor Nonummy Inc.', '79.00', 'YEP', NULL, 68, '2019-12-29 16:59:25', NULL, 1, 21, 1),
(406, 'Geforce 550Muyt', 'qwxsdcvffgq', 'Dolor Nonummy Inc.', '79.00', 'YEP', NULL, 68, '2019-12-29 16:59:58', NULL, 1, 21, 1),
(407, 'Geforce 550Muyt', 'qwxsdqwxsa', 'Dolor Nonummy Inc.', '79.00', 'YEP', NULL, 68, '2019-12-29 17:01:22', NULL, 1, 21, 1),
(408, 'Geforce 550Muyt', 'qwxsdqwxsz', 'Dolor Nonummy Inc.', '79.00', 'YEP', NULL, 68, '2019-12-29 17:01:58', NULL, 1, 21, 1),
(409, 'Geforce 550Muyt', 'qwxsdqwxst', 'Dolor Nonummy Inc.', '79.00', 'YEP', NULL, 68, '2019-12-29 17:05:42', NULL, 1, 21, 1),
(410, 'CORE 580', 'COR580A', 'Ante Limited', '14.00', 'OKOK', NULL, 3, '2019-12-29 17:15:03', NULL, 1, 12, 7),
(411, 'CORE 580', 'COR580AZ', 'Ante Limited', '14.00', 'OKOK', NULL, 3, '2019-12-29 17:45:52', NULL, 1, 12, 1),
(412, 'CORE 580', 'COR580AZR', 'Ante Limited', '14.00', 'OKOK', NULL, 3, '2019-12-29 17:46:11', NULL, 1, 12, 1),
(413, 'CORE 580', 'COR580AZRA', 'Ante Limited', '14.00', 'OKOK', NULL, 3, '2019-12-29 17:46:27', NULL, 1, 12, 1),
(414, 'CORE 580', 'COR580AZRE', 'Ante Limited', '14.00', 'OKOK', NULL, 3, '2019-12-29 17:49:01', NULL, 1, 12, 1),
(415, 'LEBOCASK', 'LBSKCASQ8', 'Cras LLP', '19.00', 'Oui il é tre bô', NULL, 0, '2019-12-30 19:03:31', NULL, 1, 7, 15),
(416, 'LEBOCASK', 'LBSKCASQ89', 'Cras LLP', '19.00', 'Oui il é tre bô', NULL, 0, '2019-12-30 19:07:18', NULL, 1, 7, 1),
(417, 'LEBOCASK', 'LBSKCASQ90', 'Cras LLP', '19.00', 'Oui il é tre bô', NULL, 0, '2019-12-30 19:07:49', NULL, 1, 14, 1),
(418, 'azertyuisd', 'PFMIDFED6', 'Cras LLP', '41.00', '', NULL, 0, '2019-12-30 19:24:40', NULL, 1, 17, 5),
(419, 'azertyuisd', 'PFMIDFED7', 'Cras LLP', '41.00', '', NULL, 0, '2019-12-30 19:25:31', NULL, 1, 17, 1),
(420, 'Geforce 550M', 'FEFORC550', 'At Sem Molestie Incorporated', '150.00', 'La meilleure', 3, 50, '2020-01-02 14:10:26', '2020-01-03 15:20:13', 1, 22, 10),
(421, 'Geforce 550M', 'FEFORC5504', 'At Sem Molestie Incorporated', '180.00', 'La meilleure', NULL, 50, '2020-01-02 14:23:15', NULL, 1, 22, 1),
(422, 'Geforce 550M', 'FEFORC55047', 'At Sem Molestie Incorporated', '180.00', 'La meilleure', NULL, 50, '2020-01-02 14:23:55', NULL, 1, 22, 1),
(423, 'Gefo 550MUER', 'MUER59874', 'Intel', '180.00', 'La meilleure', NULL, 50, '2020-01-02 15:30:58', NULL, 1, 22, 1),
(424, 'azertyuixsdqwxc', 'ADGHBTE', 'Consectetuer Adipiscing Elit Incorporated', '41.00', '', NULL, 4, '2020-01-02 15:34:51', NULL, 0, 1, 5);

-- --------------------------------------------------------

--
-- Structure de la table `roles`
--

DROP TABLE IF EXISTS `roles`;
CREATE TABLE IF NOT EXISTS `roles` (
  `roleID` int(11) NOT NULL,
  `label` varchar(50) NOT NULL,
  PRIMARY KEY (`roleID`)
) ENGINE=MyISAM DEFAULT CHARSET=latin1;

--
-- Déchargement des données de la table `roles`
--

INSERT INTO `roles` (`roleID`, `label`) VALUES
(1, 'Individual'),
(2, 'Professional'),
(0, 'SuperUser'),
(3, 'Commercial');

-- --------------------------------------------------------

--
-- Structure de la table `suppliers`
--

DROP TABLE IF EXISTS `suppliers`;
CREATE TABLE IF NOT EXISTS `suppliers` (
  `supplierID` int(11) NOT NULL AUTO_INCREMENT,
  `name` varchar(50) NOT NULL,
  `contact` varchar(50) NOT NULL,
  `phone` varchar(24) DEFAULT NULL,
  PRIMARY KEY (`supplierID`)
) ENGINE=MyISAM AUTO_INCREMENT=24 DEFAULT CHARSET=latin1;

--
-- Déchargement des données de la table `suppliers`
--

INSERT INTO `suppliers` (`supplierID`, `name`, `contact`, `phone`) VALUES
(1, 'Cras Dolor Corp.', 'Alika Henderson', '192-4876'),
(2, 'Vel Industries', 'Leslie Hahn', '451-8517'),
(3, 'Augue Porttitor Ltd', 'Jameson Delgado', '928-3293'),
(5, 'Amet Consectetuer Associates', 'Leila Zimmerman', '08 30 42 18 05'),
(6, 'Elit Erat Vitae Incorporated', 'Talon Bowers', '02 48 79 21 64'),
(7, 'Donec Consulting', 'Ivana Watson', '03 27 14 59 60'),
(8, 'Magna Malesuada Vel Foundation', 'Amal Mccormick', '09 10 96 87 66'),
(9, 'Mauris Aliquam Eu Industries', 'Francis Frederick', '09 48 28 06 98'),
(10, 'Lorem Luctus Ut Corporation', 'Allistair Simon', '07 97 00 06 63'),
(11, 'Sit Amet Dapibus Consulting', 'Logan Solomon', '03 43 45 65 69'),
(12, 'Porttitor Vulputate Posuere Corp.', 'April Berry', '09 99 66 83 18'),
(13, 'Ut Pharetra Foundation', 'Leigh Mack', '07 63 03 42 87'),
(14, 'Semper Cursus Integer Consulting', 'Mira Phelps', '01 53 72 02 94'),
(15, 'Ligula Consectetuer Corporation', 'Guy Velazquez', '04 72 99 47 88'),
(16, 'Venenatis Vel Corp.', 'Ahmed Mccarty', '03 20 15 70 74'),
(17, 'Accumsan Neque Et Corp.', 'Simone Anthony', '09 62 53 15 47'),
(18, 'Nonummy Ipsum Ltd', 'Lev Deleon', '06 23 24 14 14'),
(19, 'Tellus Ltd', 'Ori Perez', '03 03 12 72 29'),
(20, 'Lobortis Corp.', 'Ayanna Richardson', '07 39 62 34 94'),
(21, 'Pellentesque Foundation', 'Sade Merritt', '09 93 50 88 47'),
(22, 'Mi Company', 'Aline Keith', '07 41 52 87 63'),
(23, 'Non Massa PC', 'Fallon French', '02 65 60 43 43');

-- --------------------------------------------------------

--
-- Structure de la table `users`
--

DROP TABLE IF EXISTS `users`;
CREATE TABLE IF NOT EXISTS `users` (
  `userID` int(11) NOT NULL AUTO_INCREMENT,
  `login` varchar(50) NOT NULL,
  `email` varchar(50) NOT NULL,
  `password` varchar(60) NOT NULL,
  `firstname` varchar(50) NOT NULL,
  `lastname` varchar(50) NOT NULL,
  `pro` tinyint(1) NOT NULL,
  `phone` varchar(16) DEFAULT NULL,
  `birthdate` date DEFAULT NULL,
  `signupdate` datetime DEFAULT CURRENT_TIMESTAMP,
  `lastsignindate` datetime DEFAULT NULL,
  `charcode` char(2) NOT NULL,
  `commercialID` int(11) DEFAULT NULL,
  `roleID` int(11) NOT NULL,
  PRIMARY KEY (`userID`),
  UNIQUE KEY `login` (`login`),
  UNIQUE KEY `email` (`email`),
  UNIQUE KEY `password` (`password`),
  KEY `charcode` (`charcode`),
  KEY `commercialID` (`commercialID`),
  KEY `roleID` (`roleID`)
) ENGINE=MyISAM AUTO_INCREMENT=6 DEFAULT CHARSET=latin1;

--
-- Déchargement des données de la table `users`
--

INSERT INTO `users` (`userID`, `login`, `email`, `password`, `firstname`, `lastname`, `pro`, `phone`, `birthdate`, `signupdate`, `lastsignindate`, `charcode`, `commercialID`, `roleID`) VALUES
(1, 'ElFornas', 'adrien.forna@gmail.com', '$2y$10$nuQ29MM1Rp1qpdPijzYcWe5G23Hky.pBNlH0lA8/OIvymcB1a65SS', 'Adrien', 'Fornasiero', 0, '0625769712', '1997-05-04', '2019-12-17 10:17:15', '2019-12-19 11:12:10', 'FR', NULL, 2),
(2, 'Tekilaz', 'adrienf1997@aol.com', '$2y$10$dv.dxMlZG9dt3v5znMS4WOalRIqTE0s5anZaNScHHKeyGGlwvoRoq', 'Cmonprénom', 'Cmonnom', 0, '0784569812', '1985-05-04', '2019-12-17 11:01:55', '2020-01-08 16:07:12', 'FR', NULL, 1),
(3, 'Pouque', 'dvswvv@aol.com', '$2y$10$2I1LvzxbF/8PrLV/2dsb0umdWIPKnvNy6VFpRwU.pz433NFhzbOYy', 'Pat', 'Dufresne', 0, '0698653214', '1957-12-26', '2019-12-17 11:10:39', NULL, 'FR', NULL, 2),
(4, 'Azerty', 'azerty@aol.com', '$2y$10$cxkZBi8mQC4tOGVC9OoU4eKKv1hvp0WUIPmLc9Of.y6hyES7FrYQe', 'Gerard', 'Pasquier', 0, '0698653214', '1969-12-26', '2019-12-17 11:12:24', NULL, 'FI', NULL, 2),
(5, 'ElFornas04', 'dsdfgvv@aol.com', '$2y$10$OkbkbG5k6dsmqPDeHmQdgemMb0m6ruku74zNr5nAbH/4fZvzWlW6q', 'Paul', 'Vermon', 0, '0789651425', '1987-05-16', '2019-12-19 10:18:31', NULL, 'PS', NULL, 2);
COMMIT;

/*!40101 SET CHARACTER_SET_CLIENT=@OLD_CHARACTER_SET_CLIENT */;
/*!40101 SET CHARACTER_SET_RESULTS=@OLD_CHARACTER_SET_RESULTS */;
/*!40101 SET COLLATION_CONNECTION=@OLD_COLLATION_CONNECTION */;
